Analysis no.,Stat. pos.,Eruption,controlcode_old,controlcode,Epoch,Analysis label,Date of analysis,NA2O,MGO,AL2O3,SIO2,K2O,CAO,TIO2,MNO,FEO,P2O5,Cl,F,Total
1,66,Monte Nuovo,0,0,,cf96_16,190110,6.40,0.22,18.50,56.27,7.07,1.74,0.42,0.27,2.89,220,8879,,94.68
2,66,Monte Nuovo,0,0,,cf96_5,190110,6.63,0.25,18.45,56.56,7.11,1.57,0.48,0.28,3.31,24,9413,,95.59
3,66,Monte Nuovo,0,0,,cf96_7,190110,6.89,0.23,18.23,57.21,7.12,1.68,0.41,0.21,2.85,268,8501,,95.69
4,66,Monte Nuovo,0,0,,cf96_10,190110,6.88,0.18,18.62,57.23,7.16,1.57,0.43,0.17,2.82,286,8704,,95.97
5,66,Monte Nuovo,0,0,,cf96_1,190110,6.97,0.21,18.52,57.15,7.26,1.78,0.42,0.12,2.79,355,8837,,96.13
6,66,Monte Nuovo,0,0,,cf96_2,190110,6.33,0.22,18.44,57.47,7.40,1.50,0.46,0.25,3.22,147,8546,,96.15
7,66,Monte Nuovo,0,0,,cf96_11,190110,6.69,0.22,18.98,57.88,7.51,1.65,0.43,0.23,2.73,0,8715,,97.19
8,66,Monte Nuovo,0,0,,cf96_9,190110,7.37,0.17,18.62,57.69,7.30,1.69,0.40,0.19,2.93,234,8287,,97.22
9,66,Monte Nuovo,0,0,,cf96_4,190110,7.32,0.20,18.94,57.98,7.12,1.72,0.44,0.31,2.75,359,8656,,97.68
10,66,Monte Nuovo,0,0,,cf96_12,190110,7.03,0.18,19.05,58.63,7.75,1.74,0.39,0.11,2.73,376,8373,,98.48
11,66,Monte Nuovo,0,0,,cf96_14,190110,6.97,0.21,19.35,59.22,7.37,1.72,0.44,0.20,2.84,319,9103,,99.27
12,63,Astroni 7,1,1,three-b,cf79_1,301009,4.26,0.64,18.86,59.63,9.09,2.84,0.49,0.08,3.52,1789,6584,1744,100.43
13,63,Astroni 7,1,1,three-b,cf79_2,301009,4.24,0.63,18.83,59.99,8.97,2.67,0.49,0.08,3.38,1028,6196,554,100.05
14,63,Astroni 7,1,1,three-b,cf79_3,301009,4.21,0.62,19.30,59.22,9.10,2.58,0.49,0.05,3.55,1650,6977,1728,100.14
15,63,Astroni 7,1,1,three-b,cf79_4,301009,4.19,0.64,19.44,58.44,8.95,2.55,0.49,0.12,3.65,943,5737,1576,99.30
16,63,Astroni 7,1,1,three-b,cf79_5,301009,4.38,0.62,19.43,59.55,9.04,2.68,0.49,0.09,3.41,1579,7554,1565,100.74
17,63,Astroni 7,1,1,three-b,cf79_6,301009,4.38,0.59,19.20,59.57,9.19,2.67,0.51,0.14,3.52,1286,7376,603,100.71
18,63,Astroni 7,1,1,three-b,cf79_8,301009,4.19,0.63,19.30,59.84,9.05,2.58,0.51,0.18,3.52,1013,6422,1675,100.72
19,63,Astroni 7,1,1,three-b,cf79_9,301009,4.27,0.67,19.41,59.14,8.91,2.68,0.49,0.03,3.37,1350,6629,1270,99.89
20,63,Astroni 7,1,1,three-b,cf79_10,301009,4.22,0.73,19.25,58.66,8.99,2.89,0.49,0.18,3.69,1943,6612,3311,100.28
21,63,Astroni 7,1,1,three-b,cf79_11,301009,4.19,0.72,19.54,58.13,9.03,2.78,0.46,0.16,3.71,1589,6575,595,99.60
22,63,Astroni 7,1,1,three-b,cf79_12,301009,4.53,0.71,19.10,59.14,9.01,2.86,0.46,0.07,3.54,1200,6323,1416,100.30
23,63,Astroni 7,1,1,three-b,cf79_13,301009,3.90,0.53,19.41,60.14,9.48,2.69,0.43,0.12,2.80,1094,5466,863,100.25
24,63,Astroni 7,1,1,three-b,cf79_14,301009,4.14,0.59,19.33,58.84,9.20,2.52,0.50,0.19,3.46,1731,6157,1991,99.76
25,63,Astroni 7,1,1,three-b,cf79_15,301009,4.40,0.64,19.32,59.49,8.86,2.63,0.52,0.03,3.64,1074,6738,59,100.31
26,62,Astroni 6,2,1,three-b,78b_20,210609,3.90,0.90,18.43,56.41,8.81,3.08,0.55,0.16,3.65,2214,5250,819,96.74
27,62,Astroni 6,2,1,three-b,78b_19,210609,3.81,0.82,18.48,57.83,8.84,3.20,0.42,0.11,4.11,1884,5535,1497,98.52
28,62,Astroni 6,2,1,three-b,78b_18,210609,4.20,0.89,18.64,57.98,9.00,3.29,0.52,0.11,3.96,1840,5698,644,99.41
29,62,Astroni 6,2,1,three-b,78b_17,210609,4.21,0.88,18.69,57.64,8.71,3.28,0.56,0.13,3.98,2543,5195,1064,98.96
30,62,Astroni 6,2,1,three-b,78b_16,210609,3.92,0.86,18.76,57.47,8.93,3.05,0.53,0.13,4.13,2540,5101,1873,98.72
31,62,Astroni 6,2,1,three-b,78b_14,210609,4.03,0.97,18.77,58.43,8.93,3.08,0.53,0.13,4.14,2071,4685,650,99.75
32,62,Astroni 6,2,1,three-b,78b_13,210609,4.02,0.86,18.76,57.24,9.00,3.00,0.52,0.05,3.90,2112,4919,999,98.15
33,62,Astroni 6,2,1,three-b,78b_12,210609,4.05,0.89,18.67,57.88,9.11,3.14,0.52,0.09,4.19,2193,5358,714,99.36
34,62,Astroni 6,2,1,three-b,78b_11,210609,3.69,0.93,18.97,57.80,9.10,3.27,0.50,0.09,3.98,2057,4987,1176,99.15
35,62,Astroni 6,2,1,three-b,78b_10,210609,3.70,0.93,18.80,57.97,8.66,3.39,0.47,0.13,4.07,2098,5417,535,98.92
36,62,Astroni 6,2,1,three-b,78b_9,210609,3.98,0.95,18.69,57.99,8.78,3.28,0.52,0.17,4.00,1652,5177,1469,99.18
37,62,Astroni 6,2,1,three-b,78b_7,210609,3.94,0.90,18.90,57.82,8.81,3.31,0.51,0.14,3.94,1957,5158,1104,99.09
38,62,Astroni 6,2,1,three-b,78b_6,210609,4.18,0.86,18.52,57.72,8.91,3.18,0.52,0.16,4.18,2393,4861,731,99.02
39,62,Astroni 6,2,1,three-b,78b_5,210609,4.11,0.92,19.02,57.69,9.07,3.25,0.57,0.06,4.12,1607,5319,1494,99.65
40,62,Astroni 6,2,1,three-b,78b_4,210609,4.08,0.89,18.75,57.86,8.88,3.32,0.53,0.08,4.10,2360,5537,1594,99.44
41,62,Astroni 6,2,1,three-b,78b_3,210609,4.23,0.89,18.39,57.40,8.56,3.21,0.50,0.20,4.11,1991,5412,1006,98.33
42,62,Astroni 6,2,1,three-b,78b_2,210609,3.95,0.83,18.72,58.17,8.93,3.10,0.49,0.17,3.92,1965,5220,193,99.01
43,62,Astroni 6,2,1,three-b,78b_1,210609,3.69,0.84,18.39,56.30,8.70,3.07,0.51,0.18,3.81,1749,5585,694,96.30
44,62,Astroni 6,2,1,three-b,78a_20,210609,4.00,0.90,18.64,57.37,8.71,3.22,0.51,0.15,3.84,1822,4755,637,98.06
45,62,Astroni 6,2,1,three-b,78a_19,210609,4.27,0.79,18.58,57.70,8.92,3.19,0.58,0.09,3.73,1691,5425,973,98.67
46,62,Astroni 6,2,1,three-b,78a_17,210609,4.11,0.92,18.83,58.06,8.95,3.23,0.52,0.11,4.01,2026,5034,1883,99.64
47,62,Astroni 6,2,1,three-b,78a_16,210609,3.82,0.94,18.37,57.71,8.66,3.21,0.51,0.10,4.08,1992,5423,492,98.19
48,62,Astroni 6,2,1,three-b,78a_15,210609,3.78,0.75,17.44,54.97,8.40,2.88,0.53,0.09,3.71,1833,5166,830,93.33
49,62,Astroni 6,2,1,three-b,78a_14,210609,4.21,0.90,18.66,57.87,9.10,3.28,0.50,0.11,3.95,2083,5115,1262,99.43
50,62,Astroni 6,2,1,three-b,78a_13,210609,4.14,0.91,18.46,57.67,8.85,3.10,0.46,0.08,3.93,2499,4959,19,98.36
51,62,Astroni 6,2,1,three-b,78a_12,210609,3.88,0.80,18.50,57.46,8.69,2.96,0.52,0.17,3.82,1664,4929,0,97.46
52,62,Astroni 6,2,1,three-b,78a_11,210609,3.97,0.90,18.82,58.19,9.01,3.11,0.51,0.11,4.01,1888,4897,959,99.40
53,62,Astroni 6,2,1,three-b,78a_10,210609,4.14,0.92,18.92,57.92,9.05,3.33,0.51,0.16,4.11,2159,5173,1134,99.91
54,62,Astroni 6,2,1,three-b,78a_8,210609,3.98,0.87,18.71,57.70,8.92,3.14,0.51,0.12,3.92,2010,5233,715,98.68
55,62,Astroni 6,2,1,three-b,78a_7,210609,4.03,0.74,18.48,57.88,8.91,2.96,0.52,0.12,3.70,1782,5368,2069,98.26
56,62,Astroni 6,2,1,three-b,78a_6,210609,4.07,0.85,18.60,57.38,8.80,3.09,0.52,0.07,3.80,1995,5675,995,98.04
57,62,Astroni 6,2,1,three-b,78a_5,210609,3.96,0.89,18.68,58.00,8.71,3.11,0.48,0.21,3.85,1911,5011,650,98.64
58,62,Astroni 6,2,1,three-b,78a_4,210609,3.96,0.73,18.79,58.18,9.01,2.83,0.46,0.12,3.70,1726,5287,1241,98.63
59,62,Astroni 6,2,1,three-b,78a_3,210609,4.45,0.71,18.53,58.19,9.15,2.68,0.46,0.13,3.68,1820,5001,1137,98.77
60,62,Astroni 6,2,1,three-b,78a_2,210609,4.00,0.83,18.73,57.92,8.92,3.18,0.48,0.12,3.80,1731,5215,500,98.71
61,62,Astroni 6,2,1,three-b,78a_1,210609,4.30,0.85,18.45,58.07,8.85,3.11,0.48,0.14,3.81,2053,5069,1271,98.89
62,62,Astroni 6,2,1,three-b,VF4?-7-20,300509,4.34,0.53,17.92,57.02,8.63,2.40,0.40,0.14,3.23,,,,94.61
63,62,Astroni 6,2,1,three-b,VF4?-7-18,300509,4.31,0.59,17.98,57.04,8.56,2.39,0.39,0.07,3.48,,,,94.83
64,62,Astroni 6,2,1,three-b,VF4?-7-17,300509,4.47,0.59,18.14,58.22,8.81,2.35,0.40,0.10,3.44,,,,96.52
65,62,Astroni 6,2,1,three-b,VF4?-7-16,300509,4.44,0.57,18.17,56.97,8.62,2.37,0.46,0.12,3.16,,,,94.88
66,62,Astroni 6,2,1,three-b,VF4?-7-15,300509,4.33,0.59,18.25,57.09,8.65,2.36,0.45,0.12,3.38,,,,95.21
67,62,Astroni 6,2,1,three-b,VF4?-7-14,300509,4.09,0.57,18.06,56.91,8.53,2.30,0.38,0.13,3.28,,,,94.24
68,62,Astroni 6,2,1,three-b,VF4?-7-11,300509,4.25,0.57,18.02,57.60,8.74,2.41,0.38,0.09,3.41,,,,95.47
69,62,Astroni 6,2,1,three-b,VF4?-7-8,300509,4.39,0.50,17.68,55.61,8.41,2.41,0.40,0.08,3.19,,,,92.66
70,62,Astroni 6,2,1,three-b,VF4?-7-7,300509,4.26,0.62,18.44,58.24,8.79,2.45,0.43,0.13,3.42,,,,96.79
71,62,Astroni 6,2,1,three-b,VF4?-7-5,300509,4.14,0.53,17.77,55.43,8.59,2.37,0.43,0.14,3.12,,,,92.53
72,62,Astroni 6,2,1,three-b,VF4?-7-4,300509,4.33,0.58,18.16,57.69,8.42,2.44,0.44,0.09,3.25,,,,95.40
73,62,Astroni 6,2,1,three-b,VF4?-7-3,300509,4.33,0.60,18.06,57.61,8.48,2.46,0.42,0.15,3.26,,,,95.36
74,62,Astroni 6,2,1,three-b,VF4?-7-2,300509,4.14,0.60,18.03,56.98,8.60,2.30,0.36,0.11,3.16,,,,94.28
75,62,Astroni 6,2,1,three-b,VF4?-7-1,300509,4.23,0.61,17.94,56.29,8.42,2.37,0.44,0.16,3.30,,,,93.76
76,62,Astroni 6,2,1,three-b,VF4?-2-18,300509,4.29,0.63,17.72,57.02,8.86,2.39,0.43,0.14,3.37,,,,94.86
77,62,Astroni 6,2,1,three-b,VF4?-2-17,300509,4.31,0.57,18.25,58.38,8.71,2.36,0.38,0.22,3.11,,,,96.29
78,62,Astroni 6,2,1,three-b,VF4?-2-16,300509,4.15,0.57,18.40,58.49,8.88,2.37,0.42,0.12,3.39,,,,96.80
79,62,Astroni 6,2,1,three-b,VF4?-2-15,300509,4.28,0.57,18.43,58.53,9.04,2.53,0.41,0.11,3.38,,,,97.29
80,62,Astroni 6,2,1,three-b,VF4?-2-14,300509,4.19,0.63,18.23,58.17,8.60,2.33,0.47,0.08,3.31,,,,96.01
81,62,Astroni 6,2,1,three-b,VF4?-2-13,300509,4.37,0.61,18.63,58.80,9.07,2.37,0.41,0.10,3.34,,,,97.69
82,62,Astroni 6,2,1,three-b,VF4?-2-12,300509,4.18,0.60,17.89,56.73,8.76,2.46,0.41,0.09,3.28,,,,94.41
83,62,Astroni 6,2,1,three-b,VF4?-2-11,300509,4.34,0.61,17.86,57.17,8.49,2.35,0.42,0.11,3.04,,,,94.38
84,62,Astroni 6,2,1,three-b,VF4?-2-10,300509,4.42,0.57,17.55,55.14,8.42,2.43,0.55,0.18,3.41,,,,92.66
85,62,Astroni 6,2,1,three-b,VF4?-2-7,300509,4.65,0.57,18.05,55.84,8.59,2.43,0.45,0.15,3.46,,,,94.17
86,62,Astroni 6,2,1,three-b,VF4?-2-6,300509,4.49,0.56,18.52,58.65,8.75,2.46,0.46,0.10,3.39,,,,97.36
87,62,Astroni 6,2,1,three-b,VF4?-2-5,300509,4.58,0.58,18.61,58.51,8.71,2.52,0.48,0.19,3.41,,,,97.59
88,62,Astroni 6,2,1,three-b,VF4?-2-4,300509,4.33,0.58,17.71,56.38,8.12,2.42,0.41,0.07,3.25,,,,93.27
89,62,Astroni 6,2,1,three-b,VF4?-2-3,300509,4.46,0.62,18.39,58.34,8.79,2.48,0.44,0.20,3.32,,,,97.04
90,62,Astroni 6,2,1,three-b,VF4?-2-2,300509,4.48,0.61,18.33,58.44,8.68,2.32,0.41,0.16,3.41,,,,96.83
91,62,Astroni 6,2,1,three-b,CF76_21_1,130810,4.19,0.64,18.59,58.33,8.81,2.53,0.50,0.12,3.26,867,,,97.07
92,62,Astroni 6,2,1,three-b,CF76_23_2,130810,4.55,0.61,19.03,59.28,8.69,2.45,0.47,0.20,3.31,932,,,98.68
93,62,Astroni 6,2,1,three-b,CF76_25_3,130810,3.99,0.60,18.92,58.41,9.18,2.51,0.44,0.08,3.58,581,,,97.77
94,62,Astroni 6,2,1,three-b,CF76_29_5,130810,4.50,0.58,18.22,58.87,7.92,2.25,0.53,0.13,3.08,1005,,,96.19
95,62,Astroni 6,2,1,three-b,CF76_31_6,130810,4.61,0.61,19.26,59.49,9.14,2.52,0.48,0.16,3.59,743,,,99.94
96,62,Astroni 6,2,1,three-b,CF76_33_7,130810,4.36,0.58,18.86,59.44,8.72,2.55,0.51,0.14,3.35,1027,,,98.61
97,62,Astroni 6,2,1,three-b,CF76_35_8,130810,4.09,0.60,18.71,58.74,8.95,2.35,0.49,0.15,3.26,1040,,,97.45
98,62,Astroni 6,2,1,three-b,CF76_37_9,130810,4.16,0.48,17.98,59.25,8.36,2.26,0.43,0.15,2.92,833,,,96.06
99,62,Astroni 6,2,1,three-b,CF76_39_10,130810,4.47,0.55,19.06,59.65,8.86,2.51,0.42,0.11,3.37,635,,,99.06
100,62,Astroni 6,2,1,three-b,CF76_41_11,130810,4.66,0.62,18.97,58.93,8.80,2.49,0.49,0.10,3.54,795,,,98.68
101,62,Astroni 6,2,1,three-b,CF76_43_12,130810,4.94,0.74,18.73,57.45,7.48,2.61,0.46,0.14,3.86,1236,,,96.56
102,62,Astroni 6,2,1,three-b,CF76_45_13,130810,4.24,0.66,18.22,55.33,8.02,2.70,0.47,0.10,3.66,1285,,,93.53
103,62,Astroni 6,2,1,three-b,CF76_47_14,130810,3.89,0.44,17.77,56.15,8.25,2.91,0.44,0.18,3.42,1229,,,93.58
104,62,Astroni 6,2,1,three-b,CF76_49_15,130810,4.20,0.53,18.20,57.64,8.72,2.29,0.45,0.20,3.18,937,,,95.50
105,62,Astroni 6,2,1,three-b,CF76_51_16,130810,4.38,0.54,18.24,57.40,8.58,2.31,0.43,0.11,3.21,546,,,95.25
106,62,Astroni 6,2,1,three-b,CF75_1,130809,4.25,0.56,18.39,59.43,8.80,2.59,0.42,0.16,3.55,,,,98.14
107,62,Astroni 6,2,1,three-b,CF75_2,130809,4.32,0.52,19.03,58.25,8.62,2.51,0.48,0.18,3.02,,,,96.92
108,62,Astroni 6,2,1,three-b,CF75_3,130809,4.10,0.58,18.52,58.95,8.89,2.51,0.42,0.04,3.44,,,,97.45
109,62,Astroni 6,2,1,three-b,CF75_4,130809,3.98,0.91,18.30,57.01,8.19,2.99,0.53,0.12,3.81,,,,95.83
110,62,Astroni 6,2,1,three-b,CF75_5,130809,4.29,0.60,19.14,58.23,8.55,2.37,0.44,0.16,3.34,,,,97.14
111,62,Astroni 6,2,1,three-b,CF75_6,130809,4.53,0.59,18.91,57.98,8.54,2.53,0.51,0.19,3.19,,,,96.96
112,62,Astroni 6,2,1,three-b,CF75_7,130809,4.08,0.60,18.13,58.16,8.72,2.61,0.45,0.13,3.38,,,,96.25
113,62,Astroni 6,2,1,three-b,VF1-1-20,300509,4.57,0.64,17.67,58.28,7.93,2.37,0.43,0.14,3.60,,,,95.63
114,62,Astroni 6,2,1,three-b,VF1-1-19,300509,4.57,0.58,18.39,57.69,8.97,2.37,0.45,0.12,3.32,,,,96.45
115,62,Astroni 6,2,1,three-b,VF1-1-18,300509,4.36,0.62,18.14,58.43,8.89,2.52,0.44,0.13,3.57,,,,97.10
116,62,Astroni 6,2,1,three-b,VF1-1-17,300509,4.63,0.60,18.37,58.69,8.82,2.43,0.42,0.15,3.55,,,,97.65
117,62,Astroni 6,2,1,three-b,VF1-1-16,300509,4.61,0.53,18.14,59.07,8.62,2.47,0.43,0.12,3.18,,,,97.17
118,62,Astroni 6,2,1,three-b,VF1-1-15,300509,4.38,0.63,18.23,58.10,8.81,2.39,0.43,0.13,3.45,,,,96.56
119,62,Astroni 6,2,1,three-b,VF1-1-13,300509,4.61,0.59,18.22,58.00,8.53,2.37,0.44,0.14,3.29,,,,96.21
120,62,Astroni 6,2,1,three-b,VF1-1-11,300509,4.39,0.57,18.22,58.10,8.86,2.39,0.39,0.12,3.50,,,,96.53
121,62,Astroni 6,2,1,three-b,VF1-1-10,300509,4.55,0.56,18.41,58.69,8.73,2.48,0.41,0.14,3.27,,,,97.23
122,62,Astroni 6,2,1,three-b,VF1-1-7,300509,4.43,0.62,18.26,57.87,8.80,2.39,0.44,0.17,3.48,,,,96.46
123,62,Astroni 6,2,1,three-b,VF1-1-6,300509,4.47,0.59,17.99,57.26,8.80,2.33,0.45,0.18,3.53,,,,95.61
124,62,Astroni 6,2,1,three-b,VF1-1-5,300509,4.25,0.60,18.36,58.04,9.02,2.53,0.41,0.15,3.39,,,,96.74
125,62,Astroni 6,2,1,three-b,VF1-1-4,300509,3.64,0.49,18.52,58.22,8.99,2.85,0.41,0.06,2.85,,,,96.02
126,62,Astroni 6,2,1,three-b,VF1-1-3,300509,4.36,0.69,17.48,56.29,8.50,2.42,0.42,0.08,3.74,,,,93.98
127,62,Astroni 6,2,1,three-b,VF1-1-2,300509,4.61,0.56,17.73,56.62,8.46,2.39,0.42,0.11,3.34,,,,94.24
128,62,Astroni 6,2,1,three-b,VF1-1-1,300509,4.50,0.58,18.04,56.90,8.67,2.47,0.38,0.15,3.39,,,,95.09
129,62,Astroni 6,2,1,three-b,CF75_1,291109,4.64,0.60,18.64,59.34,9.01,2.64,0.44,0.09,3.18,1213,7441,1136,99.54
130,62,Astroni 6,2,1,three-b,CF75_10,291109,4.78,0.63,18.98,58.75,8.89,2.50,0.50,0.07,3.39,1190,7311,2097,99.55
131,62,Astroni 6,2,1,three-b,CF75_2,291109,4.62,0.59,18.48,58.68,9.17,2.59,0.47,0.13,3.34,882,7856,565,98.98
132,62,Astroni 6,2,1,three-b,CF75_3,291109,4.87,0.67,18.29,58.57,8.86,2.63,0.48,0.12,3.37,1136,8615,1455,98.98
133,62,Astroni 6,2,1,three-b,CF75_4,291109,4.67,0.59,18.42,58.31,9.21,2.68,0.45,0.12,3.39,1218,7252,1381,98.82
134,62,Astroni 6,2,1,three-b,CF75_5,291109,4.75,0.62,18.83,59.93,8.45,2.47,0.52,0.06,3.39,1081,6516,724,99.83
135,62,Astroni 6,2,1,three-b,CF75_6,291109,4.10,0.60,17.95,57.53,8.28,2.67,0.48,0.15,3.26,1145,6639,870,95.87
136,62,Astroni 6,2,1,three-b,CF75_7,291109,4.59,0.58,18.88,58.96,8.85,2.55,0.51,0.15,3.49,791,7893,636,99.50
137,62,Astroni 6,2,1,three-b,CF75_8,291109,4.39,0.43,17.80,58.98,8.43,2.14,0.49,0.18,3.06,950,7272,1980,96.90
138,62,Astroni 6,2,1,three-b,CF75_9,291109,4.50,0.60,18.64,58.58,8.98,2.62,0.48,0.11,3.39,1207,7167,2075,98.94
139,61,Astroni 5,3,1,three-b,VF3-3-21,290509,4.46,0.57,18.53,59.29,8.66,2.33,0.44,0.18,3.30,,,,97.76
140,61,Astroni 5,3,1,three-b,VF3-3-20,290509,4.33,0.57,18.07,58.78,8.48,2.31,0.43,0.19,3.16,,,,96.32
141,61,Astroni 5,3,1,three-b,VF3-3-18,290509,4.51,0.56,18.36,59.09,8.38,2.47,0.44,0.13,3.36,,,,97.30
142,61,Astroni 5,3,1,three-b,VF3-3-17,290509,4.51,0.56,17.63,56.70,8.05,2.20,0.40,0.13,3.01,,,,93.19
143,61,Astroni 5,3,1,three-b,VF3-3-14,290509,3.95,0.58,18.48,59.50,8.41,2.41,0.45,0.09,3.31,,,,97.18
144,61,Astroni 5,3,1,three-b,VF3-3-13,290509,4.62,0.58,18.26,59.10,8.37,2.34,0.39,0.17,3.21,,,,97.04
145,61,Astroni 5,3,1,three-b,VF3-3-12,290509,4.51,0.54,18.54,59.26,8.50,2.38,0.47,0.14,3.42,,,,97.75
146,61,Astroni 5,3,1,three-b,VF3-3-10,290509,4.53,0.59,18.21,58.72,8.65,2.46,0.45,0.14,3.48,,,,97.23
147,61,Astroni 5,3,1,three-b,VF3-3-7,290509,4.74,0.58,18.56,59.79,8.53,2.35,0.45,0.19,3.27,,,,98.47
148,61,Astroni 5,3,1,three-b,VF3-3-6,290509,4.87,0.57,18.55,58.84,8.49,2.27,0.43,0.12,3.32,,,,97.47
149,61,Astroni 5,3,1,three-b,VF3-3-5,290509,4.24,0.58,17.49,56.67,7.96,2.22,0.38,0.16,3.24,,,,92.92
150,61,Astroni 5,3,1,three-b,VF3-3-4,290509,4.39,0.51,18.94,60.03,8.95,2.27,0.34,0.10,2.96,,,,98.49
151,61,Astroni 5,3,1,three-b,VF3-3-3,290509,4.66,0.57,18.26,58.80,8.61,2.32,0.45,0.14,3.27,,,,97.08
152,61,Astroni 5,3,1,three-b,VF3-3-2,290509,4.32,0.56,17.73,57.26,8.24,2.29,0.38,0.06,3.09,,,,93.92
153,61,Astroni 5,3,1,three-b,VF3-3-1,290509,4.42,0.53,18.09,58.44,8.41,2.32,0.44,0.16,3.38,,,,96.18
154,61,Astroni 5,3,1,three-b,CF73_1,130809,4.07,0.48,18.94,58.23,8.96,2.37,0.34,0.12,3.20,,,,96.70
155,61,Astroni 5,3,1,three-b,CF73_2,130809,4.17,0.56,18.09,57.67,8.26,2.55,0.53,0.17,3.51,,,,95.52
156,61,Astroni 5,3,1,three-b,CF73_3,130809,4.25,0.61,18.58,58.65,8.59,2.44,0.44,0.16,3.52,,,,97.25
157,61,Astroni 5,3,1,three-b,CF73_4,130809,4.18,0.63,17.93,57.88,8.62,2.39,0.43,0.11,3.34,,,,95.52
158,61,Astroni 5,3,1,three-b,VF1-2-20,300509,4.39,0.54,17.59,55.41,8.26,2.22,0.45,0.11,3.15,,,,92.12
159,61,Astroni 5,3,1,three-b,VF1-2-19,300509,4.12,0.66,18.11,57.22,8.67,2.56,0.42,0.13,3.43,,,,95.32
160,61,Astroni 5,3,1,three-b,VF1-2-18,300509,4.51,0.61,17.77,56.83,8.60,2.30,0.41,0.13,3.46,,,,94.61
161,61,Astroni 5,3,1,three-b,VF1-2-15,300509,4.39,0.59,17.43,57.35,8.45,2.35,0.43,0.14,3.18,,,,94.30
162,61,Astroni 5,3,1,three-b,VF1-2-14,300509,4.66,0.49,18.39,58.72,8.86,2.37,0.42,0.19,3.20,,,,97.30
163,61,Astroni 5,3,1,three-b,VF1-2-13,300509,4.38,0.47,18.35,58.45,8.65,2.39,0.42,0.21,3.07,,,,96.39
164,61,Astroni 5,3,1,three-b,VF1-2-12,300509,4.52,0.57,17.80,57.96,8.43,2.29,0.41,0.08,3.54,,,,95.60
165,61,Astroni 5,3,1,three-b,VF1-2-11,300509,4.30,0.54,17.74,55.89,8.61,2.11,0.40,0.10,3.18,,,,92.86
166,61,Astroni 5,3,1,three-b,VF1-2-10,300509,4.52,0.55,18.16,57.13,8.53,2.34,0.44,0.17,3.36,,,,95.20
167,61,Astroni 5,3,1,three-b,VF1-2-9,300509,4.11,0.62,17.10,55.49,8.15,2.28,0.43,0.20,3.40,,,,91.78
168,61,Astroni 5,3,1,three-b,VF1-2-8,300509,4.73,0.56,18.26,57.93,8.56,2.30,0.42,0.17,3.53,,,,96.47
169,61,Astroni 5,3,1,three-b,VF1-2-6,300509,4.46,0.84,18.21,56.60,8.51,3.06,0.58,0.08,3.96,,,,96.29
170,61,Astroni 5,3,1,three-b,VF1-2-5,300509,4.20,0.58,18.16,58.03,8.73,2.32,0.45,0.14,3.72,,,,96.33
171,61,Astroni 5,3,1,three-b,VF1-2-3,300509,4.58,0.70,18.48,57.72,8.60,2.63,0.46,0.13,3.77,,,,97.07
172,61,Astroni 5,3,1,three-b,VF1-2-1,300509,4.29,0.64,18.01,56.94,8.78,2.55,0.40,0.12,3.36,,,,95.08
173,61,Astroni 5,3,1,three-b,CF73_1,291109,4.56,0.70,18.18,58.13,8.68,2.61,0.47,0.21,3.41,836,9226,1467,98.10
174,61,Astroni 5,3,1,three-b,CF73_10,291109,4.51,0.64,18.83,57.98,8.74,2.65,0.46,0.03,3.54,1397,7275,2682,98.52
175,61,Astroni 5,3,1,three-b,CF73_2,291109,3.98,0.50,18.05,58.35,8.30,2.20,0.34,0.17,2.96,1059,7010,1884,95.84
176,61,Astroni 5,3,1,three-b,CF73_3,291109,3.78,0.50,17.74,57.31,7.86,2.32,0.49,0.19,3.31,964,7538,2281,94.59
177,61,Astroni 5,3,1,three-b,CF73_4,291109,4.33,0.75,19.15,58.16,8.90,2.94,0.54,0.12,3.71,1707,7230,2248,99.71
178,61,Astroni 5,3,1,three-b,CF73_5,291109,4.70,0.56,18.94,59.72,8.82,2.62,0.45,0.15,2.92,795,7460,1520,99.86
179,61,Astroni 5,3,1,three-b,CF73_6,291109,4.52,0.61,18.76,59.33,8.81,2.50,0.54,0.15,3.39,1494,8197,1745,99.76
180,61,Astroni 5,3,1,three-b,CF73_7,291109,4.45,0.60,18.26,58.55,8.59,2.54,0.47,0.17,3.53,1027,7453,1210,98.13
181,60,Astroni 4 ,4,1,three-b,cf72_1,301009,4.54,0.56,19.12,59.38,8.65,2.46,0.45,0.03,3.35,1568,6585,1018,99.46
182,60,Astroni 4 ,4,1,three-b,cf72_2,301009,4.37,0.60,19.08,58.70,9.02,2.59,0.48,0.06,3.54,944,7518,2880,99.57
183,60,Astroni 4 ,4,1,three-b,cf72_3,301009,4.51,0.52,19.14,59.29,9.05,2.46,0.45,0.19,3.18,1430,6604,1821,99.78
184,60,Astroni 4 ,4,1,three-b,cf72_4,301009,4.07,0.41,19.53,60.35,9.24,2.43,0.39,0.09,2.45,771,5430,2219,99.80
185,60,Astroni 4 ,4,1,three-b,cf72_5,301009,4.40,0.60,19.24,59.77,8.87,2.45,0.44,0.19,3.46,1371,7001,2574,100.52
186,60,Astroni 4 ,4,1,three-b,cf72_6,301009,4.36,0.54,19.02,59.74,8.72,2.49,0.45,0.07,3.47,1116,8055,741,99.85
187,60,Astroni 4 ,4,1,three-b,cf72_7,301009,4.55,0.57,19.19,59.95,8.84,2.40,0.52,0.12,3.71,1240,7262,3679,101.07
188,60,Astroni 4 ,4,1,three-b,cf72_8,301009,4.46,0.52,19.17,59.49,8.90,2.48,0.51,0.11,3.26,1402,7776,2840,100.10
189,60,Astroni 4 ,4,1,three-b,cf72_9,301009,4.52,0.53,19.13,58.91,8.64,2.34,0.43,0.15,3.15,1526,8347,0,98.79
190,60,Astroni 4 ,4,1,three-b,cf72_10,301009,4.68,0.51,19.15,59.65,8.62,2.41,0.51,0.17,3.39,1326,7793,1984,100.19
191,60,Astroni 4,4,1,three-b,CF72_1,011209,4.20,0.57,19.14,56.86,8.83,2.42,0.45,0.13,3.38,1453,7945,1628,97.07
192,60,Astroni 4,4,1,three-b,CF72_11,011209,4.28,0.58,18.99,56.94,8.93,2.42,0.46,0.20,3.41,1452,7685,2367,97.36
193,60,Astroni 4,4,1,three-b,CF72_9,011209,4.44,0.54,19.21,56.11,8.66,2.44,0.52,0.17,3.53,1380,7317,2075,96.70
194,60,Astroni 4,4,1,three-b,VF3-4-19,290509,4.58,0.56,18.64,60.09,8.68,2.27,0.44,0.15,3.27,,,,98.68
195,60,Astroni 4,4,1,three-b,VF3-4-18,290509,4.36,0.60,18.37,59.82,8.37,2.35,0.45,0.12,3.27,,,,97.71
196,60,Astroni 4,4,1,three-b,VF3-4-17,290509,4.49,0.59,18.51,59.72,8.47,2.22,0.41,0.12,3.31,,,,97.85
197,60,Astroni 4,4,1,three-b,VF3-4-16,290509,4.86,0.62,17.84,57.95,8.00,2.16,0.38,0.11,3.39,,,,95.33
198,60,Astroni 4,4,1,three-b,VF3-4-15,290509,4.49,0.53,18.51,59.87,8.56,2.29,0.42,0.08,3.54,,,,98.29
199,60,Astroni 4,4,1,three-b,VF3-4-12,290509,3.98,0.46,17.92,58.71,8.44,2.20,0.37,0.10,3.25,,,,95.42
200,60,Astroni 4,4,1,three-b,VF3-4-11,290509,4.68,0.69,18.22,59.44,8.31,2.28,0.49,0.14,3.79,,,,98.04
201,60,Astroni 4,4,1,three-b,VF3-4-8,290509,4.48,0.58,18.21,59.27,8.46,2.40,0.44,0.16,3.20,,,,97.20
202,60,Astroni 4,4,1,three-b,VF3-4-7,290509,4.71,0.61,18.79,60.02,8.47,2.39,0.43,0.10,3.30,,,,98.82
203,60,Astroni 4,4,1,three-b,VF3-4-6,290509,4.60,0.56,18.57,60.18,8.59,2.30,0.45,0.11,3.38,,,,98.74
204,60,Astroni 4,4,1,three-b,VF3-4-5,290509,4.40,0.58,18.09,59.61,8.72,2.73,0.43,0.11,3.22,,,,97.88
205,60,Astroni 4,4,1,three-b,VF3-4-4,290509,4.29,0.57,18.43,59.31,8.58,2.34,0.44,0.17,3.40,,,,97.54
206,60,Astroni 4,4,1,three-b,VF3-4-3,290509,4.26,0.57,18.69,59.73,8.52,2.31,0.38,0.12,3.32,,,,97.90
207,60,Astroni 4,4,1,three-b,VF3-4-2,290509,4.65,0.57,18.43,59.72,8.58,2.46,0.42,0.09,3.36,,,,98.29
208,60,Astroni 4,4,1,three-b,VF3-4-1,290509,4.74,0.61,18.47,58.23,8.27,2.34,0.49,0.18,3.70,,,,97.04
209,59,Astroni 3 ,5,1,three-b,cf82_1,301009,4.27,0.53,18.99,58.66,8.69,2.43,0.43,0.16,3.31,1398,7873,2409,98.64
210,59,Astroni 3 ,5,1,three-b,cf82_2,301009,5.34,0.62,18.60,59.77,8.25,2.46,0.51,0.15,3.93,1243,8768,0,100.63
211,59,Astroni 3 ,5,1,three-b,cf82_3,301009,4.12,0.44,18.92,59.01,8.62,2.39,0.44,0.10,2.99,1072,7002,1558,98.00
212,59,Astroni 3 ,5,1,three-b,cf82_4,301009,4.51,0.50,19.13,58.87,8.70,2.35,0.46,0.19,3.52,1123,8070,2009,99.35
213,59,Astroni 3 ,5,1,three-b,cf82_5,301009,4.16,0.46,18.23,58.19,8.39,2.28,0.45,0.11,3.46,686,8510,4393,97.10
214,59,Astroni 3 ,5,1,three-b,cf82_6,301009,4.37,0.55,18.99,60.01,8.65,2.52,0.49,0.18,3.71,1190,7515,0,100.34
215,59,Astroni 3 ,5,1,three-b,cf82_7,301009,4.81,0.55,19.13,59.76,8.45,2.51,0.46,0.13,3.73,889,8419,2503,100.72
216,59,Astroni 3 ,5,1,three-b,cf82_8,301009,4.55,0.52,18.96,59.94,8.74,2.41,0.45,0.21,3.48,424,8136,2188,100.34
217,59,Astroni 3 ,5,1,three-b,cf82_9,301009,4.34,0.55,18.84,60.35,8.76,2.34,0.54,0.09,3.52,1005,6769,431,100.15
218,59,Astroni 3 ,5,1,three-b,cf82_10,301009,4.34,0.53,19.02,60.04,8.53,2.48,0.48,0.11,3.17,1258,7582,822,99.67
219,59,Astroni 3 ,5,1,three-b,cf82_11,301009,4.10,0.54,18.73,58.51,8.60,2.33,0.46,0.15,3.37,1605,7529,3405,98.04
220,59,Astroni 3 ,5,1,three-b,cf82_12,301009,3.96,0.92,19.03,58.35,8.87,3.12,0.44,0.14,4.16,2056,5969,1157,99.90
221,59,Astroni 3 ,5,1,three-b,cf82_13,301009,4.46,0.52,19.19,59.77,8.85,2.30,0.45,0.18,3.45,1578,8272,1621,100.32
222,59,Astroni 3 ,5,1,three-b,cf82_14,301009,4.42,0.49,19.11,59.48,8.60,2.40,0.47,0.23,3.28,1107,7601,2337,99.58
223,59,Astroni 3 ,5,1,three-b,cf82_15,301009,4.55,0.56,18.78,59.61,8.69,2.43,0.44,0.24,3.26,1054,8113,1594,99.65
224,59,Astroni 3,5,1,three-b,cf81black_1,230110,3.59,1.73,17.63,56.90,7.83,4.11,0.70,0.13,5.32,4092,6051,,98.96
225,59,Astroni 3,5,1,three-b,cf81black_10,230110,3.65,1.59,18.17,57.50,7.96,3.92,0.68,0.19,5.51,3753,5339,,100.08
226,59,Astroni 3,5,1,three-b,cf81black_11,230110,3.24,1.58,18.08,57.51,7.85,3.98,0.75,0.11,5.30,3962,5492,,99.34
227,59,Astroni 3,5,1,three-b,cf81black_13,230110,3.41,1.66,17.73,56.91,8.10,4.06,0.79,0.14,5.17,4351,5374,,98.95
228,59,Astroni 3,5,1,three-b,cf81black_14,230110,3.46,1.69,17.83,57.02,8.00,4.02,0.71,0.13,5.51,4139,5777,,99.35
229,59,Astroni 3,5,1,three-b,cf81black_15,230110,3.37,1.63,17.99,57.31,7.94,4.08,0.75,0.15,5.60,4412,5777,,99.85
230,59,Astroni 3,5,1,three-b,cf81black_2,230110,3.45,1.64,17.75,56.67,7.93,3.98,0.67,0.03,5.50,3899,5925,,98.61
231,59,Astroni 3,5,1,three-b,cf81black_3,230110,3.53,1.74,17.59,56.52,8.07,4.15,0.71,0.16,5.71,4110,5171,,99.12
232,59,Astroni 3,5,1,three-b,cf81black_4,230110,3.43,1.59,17.57,56.49,8.03,4.03,0.66,0.08,5.58,3805,6014,,98.43
233,59,Astroni 3,5,1,three-b,cf81black_5,230110,3.42,1.67,17.92,56.87,8.07,4.05,0.73,0.18,5.82,3999,5384,,99.68
234,59,Astroni 3,5,1,three-b,cf81black_6,230110,3.43,1.74,17.68,56.91,7.98,4.13,0.73,0.18,5.56,3740,5488,,99.26
235,59,Astroni 3,5,1,three-b,CF80_55_19,130810,4.58,0.56,18.92,60.34,8.48,2.28,0.49,0.11,3.50,1139,,,99.39
236,59,Astroni 3,5,1,three-b,CF80_57_20,130810,4.54,0.55,18.61,59.93,8.57,2.33,0.38,0.14,3.19,163,,,98.25
237,59,Astroni 3,5,1,three-b,CF80_59_20,130810,4.54,0.56,18.75,60.09,8.56,2.42,0.47,0.20,3.50,206,,,99.10
238,59,Astroni 3,5,1,three-b,CF80_61_21,130810,4.46,0.59,18.71,59.96,8.49,2.36,0.45,0.12,3.51,1177,,,98.76
239,59,Astroni 3,5,1,three-b,CF80_63_22,130810,4.53,0.55,18.73,60.25,8.60,2.35,0.46,0.13,3.31,838,,,98.98
240,59,Astroni 3,5,1,three-b,CF80_65_23,130810,4.73,0.58,18.78,59.42,8.57,2.39,0.46,0.12,3.60,1298,,,98.77
241,59,Astroni 3,5,1,three-b,CF80_67_24,130810,4.75,0.52,19.01,60.35,8.44,2.34,0.42,0.15,3.24,1286,,,99.33
242,59,Astroni 3,5,1,three-b,CF80_69_25,130810,4.41,0.55,18.78,60.12,8.49,2.40,0.46,0.14,3.18,860,,,98.62
243,59,Astroni 3,5,1,three-b,CF80_71_26,130810,4.42,0.54,18.57,60.03,8.64,2.31,0.44,0.13,3.25,895,,,98.40
244,59,Astroni 3,5,1,three-b,CF80_73_27,130810,4.34,0.47,18.93,59.96,9.00,2.27,0.48,0.12,2.87,1297,,,98.58
245,59,Astroni 3,5,1,three-b,CF80_75_28,130810,4.39,0.59,18.94,59.64,8.47,2.38,0.50,0.13,3.54,849,,,98.67
246,59,Astroni 3,5,1,three-b,CF80_77_29,130810,4.41,0.47,18.98,60.84,8.90,2.22,0.40,0.14,3.25,1097,,,99.73
247,59,Astroni 3,5,1,three-b,CF80_79_30,130810,3.82,0.44,19.14,60.79,9.09,2.32,0.44,0.12,3.37,368,,,99.56
248,57,Astroni 1,0,1,three-b,69_19,180609,4.49,0.53,18.40,60.18,8.87,2.32,0.46,0.10,3.46,1289,7802,947,99.81
249,57,Astroni 1,0,1,three-b,69_18,180609,4.45,0.44,18.70,60.42,9.03,2.12,0.50,0.19,3.04,1319,7588,804,99.85
250,57,Astroni 1,0,1,three-b,69_17,180609,4.70,0.53,18.31,59.27,8.87,2.20,0.39,0.07,3.31,973,8206,1058,98.67
251,57,Astroni 1,0,1,three-b,69_16,180609,4.65,0.59,18.01,59.05,8.90,2.40,0.40,0.09,3.49,1271,7834,733,98.57
252,57,Astroni 1,0,1,three-b,69_15,180609,4.27,0.49,17.03,55.86,8.21,2.14,0.35,0.09,3.19,1107,8190,1120,92.67
253,57,Astroni 1,0,1,three-b,69_14,180609,4.85,0.54,18.07,59.59,8.73,2.40,0.43,0.11,3.25,1230,9043,572,99.04
254,57,Astroni 1,0,1,three-b,69_13,180609,4.82,0.63,18.23,59.72,8.82,2.26,0.47,0.12,3.60,1439,9017,1025,99.80
255,57,Astroni 1,0,1,three-b,69_12,180609,4.71,0.47,18.42,60.17,8.96,2.36,0.43,0.12,3.33,1416,9016,565,100.07
256,57,Astroni 1,0,1,three-b,69_10,180609,4.57,0.40,18.38,60.00,8.90,2.49,0.44,0.13,3.04,942,8052,783,99.32
257,57,Astroni 1,0,1,three-b,69_9,180609,4.90,0.53,18.32,59.84,8.69,2.29,0.43,0.20,3.45,1357,8395,212,99.64
258,57,Astroni 1,0,1,three-b,69_8,180609,4.51,0.55,18.47,59.75,8.84,2.39,0.48,0.13,3.19,1133,7391,1297,99.29
259,57,Astroni 1,0,1,three-b,69_7,180609,4.68,0.48,18.04,59.77,8.65,2.39,0.48,0.12,3.55,1231,8496,1025,99.23
260,57,Astroni 1,0,1,three-b,69_6,180609,4.71,0.53,18.14,59.70,8.88,2.40,0.40,0.10,3.37,1326,8022,841,99.24
261,57,Astroni 1,0,1,three-b,69_5,180609,4.72,0.49,18.11,59.80,8.68,2.32,0.43,0.12,3.47,1302,8653,1235,99.26
262,57,Astroni 1,0,1,three-b,69_4,180609,4.73,0.47,18.15,59.86,9.05,2.35,0.51,0.13,3.27,1152,7832,666,99.48
263,57,Astroni 1,0,1,three-b,69_2,180609,4.47,0.54,18.84,59.87,8.88,2.40,0.40,0.12,3.27,1052,8112,887,99.79
264,57,Astroni 1,0,1,three-b,69_1,180609,4.93,0.59,18.27,59.95,8.69,2.34,0.36,0.14,3.60,1487,8142,1209,99.95
265,57,Astroni 1,0,1,three-b,CF69_1,011209,4.83,0.52,18.80,60.72,8.91,2.40,0.44,0.16,3.47,1146,7964,1264,101.28
266,57,Astroni 1,0,1,three-b,CF69_10,011209,4.22,0.38,19.21,59.38,9.38,2.14,0.43,0.08,2.58,881,6558,1709,98.71
267,57,Astroni 1,0,1,three-b,CF69_11,011209,4.64,0.47,18.98,59.03,8.75,2.39,0.44,0.16,3.51,1013,7678,1856,99.43
268,57,Astroni 1,0,1,three-b,CF69_12,011209,4.56,0.60,18.99,59.88,8.93,2.41,0.46,0.22,3.48,1265,8234,1267,100.61
269,57,Astroni 1,0,1,three-b,CF69_13,011209,4.62,0.54,18.85,60.04,8.80,2.37,0.42,0.20,3.33,1242,8047,2030,100.31
270,57,Astroni 1,0,1,three-b,CF69_14,011209,4.48,0.56,19.02,58.97,8.84,2.40,0.49,0.18,3.23,1123,8070,1740,99.26
271,57,Astroni 1,0,1,three-b,CF69_15,011209,4.52,0.54,18.65,59.81,8.68,2.39,0.45,0.12,3.40,1889,8375,748,99.68
272,57,Astroni 1,0,1,three-b,CF69_2,011209,4.44,0.55,18.91,59.36,8.70,2.43,0.44,0.19,3.49,1863,8048,776,99.60
273,57,Astroni 1,0,1,three-b,CF69_3,011209,4.60,0.54,18.89,59.12,8.54,2.42,0.45,0.11,3.02,1363,7704,1559,98.77
274,57,Astroni 1,0,1,three-b,CF69_4,011209,4.63,0.54,18.71,60.16,8.86,2.31,0.53,0.06,3.24,1114,8496,1800,100.18
275,57,Astroni 1,0,1,three-b,CF69_5,011209,4.91,0.66,18.49,59.57,8.54,2.46,0.49,0.14,3.70,1331,9244,1649,100.16
276,57,Astroni 1,0,1,three-b,CF69_6,011209,4.43,0.68,18.80,59.27,9.08,2.35,0.54,0.07,4.13,1295,8389,1584,100.47
277,57,Astroni 1,0,1,three-b,CF69_8,011209,4.56,0.53,18.85,58.78,8.75,2.40,0.53,0.20,3.08,1360,8228,2091,98.83
278,56,Averno 2,0,4,three-b,VF4?-6-1,300509,6.24,0.19,18.00,61.45,6.62,1.60,0.45,0.27,2.89,,,,97.71
279,56,Averno 2,0,4,three-b,VF4?-6-10,300509,6.04,0.19,17.23,59.89,6.35,1.57,0.34,0.23,2.57,,,,94.41
280,56,Averno 2,0,4,three-b,VF4?-6-11,300509,6.22,0.19,17.54,60.41,6.54,1.61,0.34,0.18,2.76,,,,95.79
281,56,Averno 2,0,4,three-b,VF4?-6-12,300509,6.44,0.20,17.69,60.35,6.47,1.79,0.36,0.19,2.87,,,,96.36
282,56,Averno 2,0,4,three-b,VF4?-6-14,300509,6.23,0.19,17.62,60.32,6.38,1.66,0.42,0.20,2.73,,,,95.75
283,56,Averno 2,0,4,three-b,VF4?-6-15,300509,6.61,0.19,17.87,61.06,6.52,1.69,0.37,0.19,2.78,,,,97.29
284,56,Averno 2,0,4,three-b,VF4?-6-17,300509,6.18,0.17,18.19,60.91,6.75,1.78,0.32,0.13,2.46,,,,96.90
285,56,Averno 2,0,4,three-b,VF4?-6-18,300509,6.13,0.21,17.25,59.19,6.43,1.61,0.33,0.24,2.74,,,,94.14
286,56,Averno 2,0,4,three-b,VF4?-6-2,300509,6.08,0.21,17.04,58.40,6.29,1.71,0.33,0.19,2.65,,,,92.89
287,56,Averno 2,0,4,three-b,VF4?-6-3,300509,6.35,0.19,17.70,61.21,6.54,1.78,0.43,0.17,2.73,,,,97.11
288,56,Averno 2,0,4,three-b,VF4?-6-5,300509,6.35,0.18,17.80,60.90,6.51,1.81,0.37,0.27,3.02,,,,97.21
289,56,Averno 2,0,4,three-b,VF4?-6-6,300509,6.07,0.19,17.54,60.04,6.43,1.67,0.39,0.19,2.82,,,,95.34
290,56,Averno 2,0,4,three-b,VF4?-6-7,300509,6.06,0.21,17.85,60.31,6.52,1.90,0.43,0.19,2.82,,,,96.29
291,56,Averno 2,0,4,three-b,VF4?-6-8,300509,6.52,0.16,17.72,61.57,6.70,1.72,0.37,0.20,2.84,,,,97.78
292,56,Averno 2,0,4,three-b,VF4?-6-9,300509,6.37,0.22,17.63,60.89,6.43,1.75,0.36,0.22,2.77,,,,96.64
293,56,Averno 2,0,4,three-b,CF86_10,021209,6.39,0.20,18.03,61.99,6.75,1.87,0.38,0.20,2.78,1003,8878,2742,99.86
294,56,Averno 2,0,4,three-b,CF86_11,021209,6.14,0.19,18.43,61.69,7.00,1.97,0.41,0.27,2.89,574,8939,2911,100.22
295,56,Averno 2,0,4,three-b,CF86_13,021209,5.90,0.19,18.45,62.12,6.86,1.84,0.39,0.23,2.98,393,8733,3660,100.22
296,56,Averno 2,0,4,three-b,VF3-5-10,290509,6.15,0.19,17.96,61.26,6.49,1.70,0.37,0.21,2.60,,,,96.91
297,56,Averno 2,0,4,three-b,VF3-5-12,290509,6.25,0.21,17.54,61.02,6.47,1.63,0.34,0.18,2.66,,,,96.29
298,56,Averno 2,0,4,three-b,VF3-5-13,290509,6.33,0.17,17.54,61.41,6.41,1.50,0.35,0.21,2.57,,,,96.49
299,56,Averno 2,0,4,three-b,VF3-5-16,290509,6.10,0.17,16.94,58.98,6.40,1.62,0.37,0.24,2.60,,,,93.41
300,56,Averno 2,0,4,three-b,VF3-5-17,290509,6.45,0.22,18.00,61.39,6.57,1.59,0.44,0.27,2.81,,,,97.73
301,56,Averno 2,0,4,three-b,VF3-5-18,290509,6.55,0.19,17.75,60.57,6.53,1.64,0.38,0.22,2.66,,,,96.48
302,56,Averno 2,0,4,three-b,VF3-5-19,290509,6.39,0.18,17.47,60.87,6.49,1.69,0.36,0.24,2.59,,,,96.28
303,56,Averno 2,0,4,three-b,VF3-5-2,290509,6.01,0.39,17.02,58.18,6.85,1.84,0.43,0.21,3.27,,,,94.20
304,56,Averno 2,0,4,three-b,VF3-5-21,290509,6.48,0.17,17.88,62.24,6.64,1.61,0.41,0.27,2.63,,,,98.33
305,56,Averno 2,0,4,three-b,VF3-5-4,290509,6.56,0.20,17.92,61.24,6.51,1.62,0.34,0.12,2.88,,,,97.39
306,56,Averno 2,0,4,three-b,VF3-5-5,290509,6.15,0.15,17.55,60.24,6.62,1.45,0.26,0.17,2.25,,,,94.84
307,56,Averno 2,0,4,three-b,VF3-5-6,290509,6.03,0.20,17.15,59.75,6.23,1.59,0.32,0.24,2.78,,,,94.29
308,56,Averno 2,0,4,three-b,VF3-5-8,290509,6.32,0.18,17.51,59.72,6.56,1.50,0.35,0.24,2.68,,,,95.06
309,56,Averno 2,0,4,three-b,cf83_3,150809,6.09,0.19,18.21,62.44,6.91,1.73,0.41,0.19,2.40,,,,98.56
310,56,Averno 2,0,4,three-b,VF5?-5-8,300509,6.55,0.28,16.72,60.31,6.07,1.61,0.46,0.30,3.74,,,,96.03
311,56,Averno 2,0,4,three-b,VF5?-5-9,300509,6.57,0.17,17.73,61.29,6.51,1.54,0.39,0.19,2.94,,,,97.32
312,55,Solfatara,0,0,three-b,cf118_3,200110,4.26,0.56,17.92,56.52,8.33,2.23,0.46,0.14,3.25,808,7364,,94.50
313,55,Solfatara,0,0,three-b,cf118_13,200110,4.29,0.51,17.94,56.98,8.02,2.31,0.40,0.21,3.25,1390,7508,,94.79
314,55,Solfatara,0,0,three-b,cf118_1,200110,3.60,0.51,18.26,57.30,8.44,2.20,0.43,0.11,3.27,827,5896,,94.80
315,55,Solfatara,0,0,three-b,cf118_10,200110,3.63,0.58,17.97,57.64,8.17,2.22,0.45,0.03,3.45,810,6948,,94.92
316,55,Solfatara,0,0,three-b,cf118_12,200110,4.11,0.41,17.67,58.25,8.25,2.06,0.45,0.25,2.93,477,5521,,94.97
317,55,Solfatara,0,0,three-b,cf118_4,200110,4.43,0.51,18.15,56.92,8.33,2.31,0.39,0.16,3.20,719,7126,,95.19
318,55,Solfatara,0,0,three-b,cf118_2,200110,4.50,0.51,18.05,57.35,8.16,2.31,0.39,0.09,3.20,820,7208,,95.35
319,55,Solfatara,0,0,three-b,cf118_9,200110,4.28,0.59,17.86,57.36,8.33,2.32,0.42,0.18,3.35,1223,6822,,95.49
320,55,Solfatara,0,0,three-b,cf118_6,200110,4.12,0.54,18.28,57.33,8.52,2.14,0.43,0.15,3.24,939,7261,,95.56
321,55,Solfatara,0,0,three-b,cf118_5,200110,4.18,0.60,17.97,57.48,8.38,2.27,0.44,0.07,3.40,810,7413,,95.60
322,55,Solfatara,0,0,three-b,cf118_11,200110,4.78,0.53,18.14,57.50,7.80,2.16,0.41,0.15,3.39,1045,7378,,95.71
323,55,Solfatara,0,0,three-b,cf118_14,200110,4.26,0.48,18.06,57.48,8.49,2.33,0.41,0.20,3.22,1102,7841,,95.82
324,52,Paleoastroni 3,0,1,three-b,CF70_1,130809,4.88,0.59,17.99,58.00,7.89,2.47,0.42,0.11,3.55,,,,95.90
325,52,Paleoastroni 3,0,1,three-b,CF70_2,130809,4.60,0.56,18.00,59.66,8.47,2.34,0.41,0.09,3.48,,,,97.62
326,52,Paleoastroni 3,0,1,three-b,CF70_3,130809,4.86,0.64,18.20,59.65,8.38,2.59,0.49,0.16,3.83,,,,98.81
327,52,Paleoastroni 3,0,1,three-b,CF70_4,130809,4.89,0.59,18.16,59.42,8.04,2.38,0.48,0.18,4.00,,,,98.14
328,52,Paleoastroni 3,0,1,three-b,CF70_5,130809,4.89,0.65,18.83,59.15,8.35,2.49,0.50,0.23,3.67,,,,98.77
329,52,Paleoastroni 3,0,1,three-b,CF70_6,130809,4.49,0.51,18.30,59.20,8.59,2.36,0.46,0.19,3.32,,,,97.42
330,52,Paleoastroni 3,0,1,three-b,CF70_7,130809,4.78,0.56,18.34,59.83,8.41,2.32,0.45,0.12,3.17,,,,97.99
331,52,Paleoastroni 3,0,1,three-b,VF1-5-20,310509,4.74,0.56,18.01,59.01,8.47,2.28,0.43,0.21,3.29,,,,97.00
332,52,Paleoastroni 3,0,1,three-b,VF1-5-19,310509,4.59,0.55,17.93,58.52,8.54,2.27,0.40,0.17,3.31,,,,96.27
333,52,Paleoastroni 3,0,1,three-b,VF1-5-18,310509,4.63,0.56,17.85,58.95,8.48,2.25,0.38,0.18,3.48,,,,96.76
334,52,Paleoastroni 3,0,1,three-b,VF1-5-17,310509,4.53,0.51,18.00,59.08,8.39,2.32,0.43,0.14,3.29,,,,96.68
335,52,Paleoastroni 3,0,1,three-b,VF1-5-16,310509,5.03,0.62,18.08,57.87,8.36,2.32,0.48,0.15,3.62,,,,96.54
336,52,Paleoastroni 3,0,1,three-b,VF1-5-15,310509,4.54,0.58,17.94,58.59,8.37,2.23,0.46,0.14,3.65,,,,96.51
337,52,Paleoastroni 3,0,1,three-b,VF1-5-14,310509,4.73,0.56,18.13,59.32,8.30,2.31,0.38,0.13,3.35,,,,97.22
338,52,Paleoastroni 3,0,1,three-b,VF1-5-13,310509,4.73,0.55,18.07,59.11,8.36,2.26,0.41,0.18,3.25,,,,96.90
339,52,Paleoastroni 3,0,1,three-b,VF1-5-12,310509,4.84,0.57,18.07,59.40,8.25,2.14,0.41,0.09,3.66,,,,97.43
340,52,Paleoastroni 3,0,1,three-b,VF1-5-11,310509,4.70,0.53,17.85,58.70,8.29,2.37,0.46,0.17,3.33,,,,96.39
341,52,Paleoastroni 3,0,1,three-b,VF1-5-10,310509,4.43,0.49,18.15,59.35,8.59,2.16,0.37,0.11,3.09,,,,96.75
342,52,Paleoastroni 3,0,1,three-b,VF1-5-8,310509,4.61,0.57,17.74,59.26,8.39,2.32,0.41,0.19,3.43,,,,96.92
343,52,Paleoastroni 3,0,1,three-b,VF1-5-7,310509,4.77,0.55,17.36,57.44,8.16,2.15,0.39,0.10,3.31,,,,94.23
344,52,Paleoastroni 3,0,1,three-b,VF1-5-5,310509,4.57,0.55,17.84,58.71,8.53,2.23,0.43,0.12,3.37,,,,96.35
345,52,Paleoastroni 3,0,1,three-b,VF1-5-4,310509,4.50,0.56,17.70,57.84,8.44,2.24,0.48,0.12,3.12,,,,95.01
346,52,Paleoastroni 3,0,1,three-b,VF1-5-3,310509,4.77,0.60,17.80,57.65,8.38,2.31,0.37,0.13,3.30,,,,95.32
347,52,Paleoastroni 3,0,1,three-b,VF1-5-2,310509,4.94,0.57,18.16,59.41,8.59,2.29,0.41,0.15,3.31,,,,97.82
348,52,Paleoastroni 3,0,1,three-b,CF70_1,291109,4.53,1.02,18.11,57.75,8.29,3.14,0.49,0.16,4.07,1709,6346,274,98.37
349,52,Paleoastroni 3,0,1,three-b,CF70_10,291109,4.58,0.55,18.75,59.98,8.54,2.31,0.48,0.16,3.25,840,7075,2162,99.61
350,52,Paleoastroni 3,0,1,three-b,CF70_11,291109,4.79,0.53,18.73,59.19,8.81,2.55,0.42,0.12,3.23,1256,7549,796,99.32
351,52,Paleoastroni 3,0,1,three-b,CF70_12,291109,4.89,0.59,18.51,59.26,8.81,2.35,0.46,0.16,3.48,1047,7732,1396,99.53
352,52,Paleoastroni 3,0,1,three-b,CF70_2,291109,4.58,0.69,17.89,59.15,8.57,2.55,0.47,0.21,3.54,1093,6956,1689,98.62
353,52,Paleoastroni 3,0,1,three-b,CF70_3,291109,4.75,0.69,18.95,59.20,8.74,2.46,0.47,0.14,3.40,1318,7094,1813,99.81
354,52,Paleoastroni 3,0,1,three-b,CF70_4,291109,4.66,0.67,18.50,58.24,8.44,2.59,0.53,0.11,3.42,1521,7320,1308,98.17
355,52,Paleoastroni 3,0,1,three-b,CF70_5,291109,4.74,0.55,18.90,59.05,8.50,2.37,0.48,0.14,3.39,1058,8123,1741,99.22
356,52,Paleoastroni 3,0,1,three-b,CF70_6,291109,4.81,0.49,18.80,59.67,8.43,2.26,0.42,0.12,3.30,916,8544,990,99.35
357,52,Paleoastroni 3,0,1,three-b,CF70_7,291109,5.24,0.56,18.26,59.58,8.55,2.17,0.49,0.16,3.57,1047,7781,2334,99.69
358,52,Paleoastroni 3,0,1,three-b,CF70_8,291109,4.78,0.56,18.50,58.46,8.40,2.43,0.43,0.20,3.47,1255,8152,2286,98.40
359,52,Paleoastroni 3,0,1,three-b,CF70_9,291109,4.63,0.54,18.61,59.17,8.62,2.38,0.46,0.20,3.34,917,8072,1339,98.99
360,49,AMS,6,2,three,AMS_6,210110,4.05,0.83,17.31,55.79,8.21,2.80,0.47,0.21,3.45,1809,5735,,93.87
361,49,AMS,6,2,three,AMS_11,210110,3.74,0.86,17.45,56.67,8.39,2.80,0.44,0.05,3.47,1264,5373,,94.53
362,49,AMS,6,2,three,AMS_10,210110,3.69,0.98,17.67,56.13,8.32,3.24,0.54,0.16,4.01,1777,5634,,95.48
363,49,AMS,6,2,three,AMS_1,210110,3.86,0.86,17.97,56.87,8.33,3.22,0.45,0.10,3.55,1608,5766,,95.97
364,49,AMS,6,2,three,AMS_12,210110,3.81,0.92,18.06,57.67,8.53,2.81,0.45,0.13,3.72,1669,5520,,96.82
365,49,AMS,6,2,three,AMS_5,210110,3.87,0.82,18.19,58.51,8.61,3.03,0.51,0.18,3.77,1598,6150,,98.25
366,49,AMS,6,2,three,AMS_8,210110,3.78,0.89,18.47,58.48,8.58,3.17,0.48,0.14,3.99,1963,6055,,98.80
367,49,AMS,6,2,three,AMS_2,210110,4.02,0.81,18.69,58.40,8.89,2.81,0.48,0.08,3.87,1881,5895,,98.82
368,49,AMS,6,2,three,AMS_14,210110,3.75,0.87,18.32,58.94,8.91,3.02,0.50,0.17,3.63,1493,6056,,98.87
369,49,AMS,6,2,three,AMS_9,210110,4.15,0.87,18.33,58.68,8.79,2.98,0.48,0.15,3.78,1729,5222,,98.91
370,49,AMS,6,2,three,AMS_4,210110,4.00,0.81,18.59,58.44,8.69,2.99,0.48,0.15,4.21,1633,5788,,99.10
371,49,AMS,6,2,three,AMS_13,210110,4.19,0.87,18.51,59.07,8.71,3.13,0.47,0.15,3.78,1352,6105,,99.64
372,49,AMS,6,2,three,54c15,190609,4.54,0.75,18.35,59.18,8.38,2.69,0.49,0.13,3.67,1704,7560,1898,99.31
373,49,AMS,6,2,three,54c14,190609,4.19,0.71,18.72,59.50,8.87,2.52,0.47,0.09,3.60,1951,6703,635,99.60
374,49,AMS,6,2,three,54c12,190609,3.62,0.55,17.56,57.46,8.52,2.70,0.45,0.11,3.34,2036,7425,862,95.34
375,49,AMS,6,2,three,54c11,190609,4.66,0.89,18.59,58.61,8.13,2.87,0.51,0.07,4.10,2408,6801,1190,99.47
376,49,AMS,6,2,three,54c10,190609,3.70,0.73,18.74,58.81,8.29,2.97,0.47,0.06,3.55,2145,6460,1073,98.29
377,49,AMS,6,2,three,54c9,190609,3.89,0.68,17.06,54.90,7.84,2.62,0.41,0.05,3.78,2087,6920,1053,92.23
378,49,AMS,6,2,three,54c8,190609,4.83,0.62,18.52,59.85,8.11,2.41,0.45,0.20,3.49,1580,6426,641,99.34
379,49,AMS,6,2,three,54c7,190609,4.55,0.62,18.48,59.23,7.89,2.37,0.47,0.13,3.69,1638,6399,907,98.31
380,49,AMS,6,2,three,54c6,190609,4.14,0.79,18.78,59.05,8.63,2.65,0.49,0.13,3.83,1588,5757,1491,99.38
381,49,AMS,6,2,three,54c4,190609,4.29,0.71,18.55,58.38,8.39,2.76,0.48,0.13,3.72,2619,6867,1104,98.47
382,49,AMS,6,2,three,54c3,190609,3.71,0.78,18.61,58.67,8.53,3.06,0.42,0.11,3.56,1850,6378,80,98.27
383,49,AMS,6,2,three,54c2,190609,3.56,0.95,18.62,59.19,8.72,3.44,0.45,0.16,3.96,2745,6614,1304,100.13
384,49,AMS,6,2,three,54c1,190609,3.67,0.73,17.24,55.35,8.16,2.24,0.41,0.14,3.21,1814,6894,1078,92.13
385,49,AMS,6,2,three,54b_21,190609,4.17,0.67,18.40,60.26,9.02,2.76,0.50,0.08,3.94,1650,6305,893,100.68
386,49,AMS,6,2,three,54b_20,190609,4.32,0.68,18.61,60.19,9.13,2.70,0.46,0.18,3.70,988,6437,1138,100.82
387,49,AMS,6,2,three,54b_19,190609,3.98,0.82,18.64,59.80,8.94,2.72,0.46,0.09,3.78,1607,6024,934,100.09
388,49,AMS,6,2,three,54b_18,190609,3.91,0.76,18.62,59.55,8.70,3.06,0.52,0.16,3.92,1835,6286,1040,100.14
389,49,AMS,6,2,three,54b_17,190609,3.99,0.78,18.84,60.05,8.85,2.71,0.46,0.12,3.95,1674,6523,885,100.67
390,49,AMS,6,2,three,54b_16,190609,4.15,0.80,18.59,59.46,8.81,2.93,0.44,0.12,4.06,2142,6059,221,100.20
391,49,AMS,6,2,three,54b_15,190609,3.95,0.81,18.64,59.48,8.86,2.90,0.47,0.05,3.80,2265,6019,1124,99.88
392,49,AMS,6,2,three,54b_14,190609,4.01,0.72,18.57,60.29,9.06,2.78,0.54,0.13,3.80,1718,6415,1288,100.84
393,49,AMS,6,2,three,54b_13,190609,3.83,0.78,18.00,58.41,8.58,2.81,0.47,0.08,3.73,1911,6198,387,97.53
394,49,AMS,6,2,three,54b_12,190609,3.75,0.76,18.40,59.46,8.80,2.75,0.46,0.17,3.86,2010,5684,907,99.28
395,49,AMS,6,2,three,54b_11,190609,3.99,0.68,18.85,60.66,8.96,2.80,0.46,0.17,3.67,1562,5869,980,101.07
396,49,AMS,6,2,three,54b_10,190609,4.10,0.75,18.62,60.26,8.91,2.74,0.49,0.16,3.64,1699,6168,790,100.53
397,49,AMS,6,2,three,54b_9,190609,4.17,0.68,18.51,60.16,8.89,2.64,0.47,0.11,3.65,1652,6065,657,100.12
398,49,AMS,6,2,three,54b_8,190609,3.80,0.66,18.28,59.38,8.83,2.65,0.48,0.11,3.49,1465,6133,926,98.55
399,49,AMS,6,2,three,54b_7,190609,4.05,0.73,18.51,59.61,8.98,2.82,0.51,0.13,3.58,1702,6260,192,99.74
400,49,AMS,6,2,three,54b_6,190609,3.80,0.71,18.02,58.83,8.87,2.65,0.49,0.13,3.55,1548,5850,1099,97.91
401,49,AMS,6,2,three,54b_5,190609,4.03,0.68,18.13,58.83,8.76,2.75,0.40,0.11,3.81,1835,6332,470,98.35
402,49,AMS,6,2,three,54b_4,190609,3.89,0.69,18.63,59.86,8.79,2.77,0.52,0.15,3.88,1733,6808,1114,100.15
403,49,AMS,6,2,three,54b_3,190609,4.14,0.78,18.66,60.17,8.95,2.65,0.49,0.10,3.64,1350,6032,995,100.43
404,49,AMS,6,2,three,54b_2,190609,4.01,0.67,18.68,59.72,8.64,2.70,0.48,0.05,3.72,1209,6689,1050,99.57
405,49,AMS,6,2,three,54b_1,190609,4.14,0.74,18.64,60.32,9.07,2.64,0.43,0.10,3.70,1453,5900,1783,100.70
406,49,AMS,6,2,three,54a_19,190609,4.33,0.69,18.47,59.36,8.65,2.68,0.54,0.09,3.99,1984,7432,672,99.81
407,49,AMS,6,2,three,54a_18,190609,3.64,0.71,18.08,58.89,8.87,2.60,0.50,0.14,3.67,1888,6754,1825,98.15
408,49,AMS,6,2,three,54a_17,190609,3.86,0.69,18.29,60.14,9.20,2.59,0.41,0.18,3.74,1380,6005,691,99.90
409,49,AMS,6,2,three,54a_12,190609,3.71,0.62,18.76,60.12,8.76,2.61,0.48,0.18,3.52,1611,6525,682,99.63
410,49,AMS,6,2,three,54a_6,190609,4.32,0.72,18.12,60.00,8.82,2.68,0.54,0.11,3.91,1456,7287,1130,100.22
411,49,AMS,6,2,three,54a_4,190609,4.21,0.65,18.07,58.79,8.85,2.44,0.45,0.12,3.71,1552,6183,1403,98.20
412,49,AMS,6,2,three,54a_2,190609,4.19,0.81,18.53,59.63,8.92,2.73,0.50,0.23,3.69,1960,6373,182,100.09
413,49,AMS,6,2,three,54a_1,190609,4.05,0.79,18.57,59.63,9.14,2.81,0.47,0.07,3.94,1841,6894,201,100.37
414,49,AMS,6,2,three,51a_20,190609,4.01,0.71,18.42,59.44,9.03,2.83,0.49,0.10,3.83,1968,6404,1289,99.82
415,49,AMS,6,2,three,51a_19,190609,3.78,0.75,17.87,56.89,8.67,2.82,0.47,0.14,3.59,1717,5831,878,95.81
416,49,AMS,6,2,three,51a_18,190609,3.95,0.72,18.59,59.63,9.08,2.70,0.49,0.18,3.67,1647,5062,1361,99.81
417,49,AMS,6,2,three,51a_17,190609,4.10,0.85,18.61,58.54,8.53,3.10,0.49,0.07,4.14,1665,6835,1168,99.40
418,49,AMS,6,2,three,51a_16,190609,3.96,0.65,18.04,57.63,8.86,2.73,0.48,0.06,3.62,1399,5353,1266,96.84
419,49,AMS,6,2,three,51a_15,190609,4.13,0.76,18.52,59.19,9.02,2.75,0.51,0.09,3.70,1807,5579,851,99.52
420,49,AMS,6,2,three,51a_14,190609,3.94,0.71,18.45,59.43,8.96,2.87,0.47,0.16,3.58,1681,5909,443,99.36
421,49,AMS,6,2,three,51a_13,190609,4.23,0.74,18.22,58.50,8.94,2.88,0.43,0.12,3.77,1593,6551,263,98.66
422,49,AMS,6,2,three,51a_12,190609,4.11,0.74,18.41,58.87,8.77,3.20,0.49,0.11,3.88,1611,6621,534,99.45
423,49,AMS,6,2,three,51a_11,190609,4.19,0.74,18.44,59.57,8.93,2.66,0.53,0.13,3.63,1548,6360,1371,99.74
424,49,AMS,6,2,three,51a_10,190609,3.86,0.76,18.34,59.06,9.15,2.77,0.50,0.17,3.79,1416,5999,9,99.14
425,49,AMS,6,2,three,51a_9,190609,4.13,0.79,18.29,58.31,8.91,2.77,0.48,0.18,3.68,1705,5935,451,98.36
426,49,AMS,6,2,three,51a_8,190609,4.09,0.76,18.12,58.88,8.84,2.81,0.49,0.11,3.68,1605,5860,715,98.59
427,49,AMS,6,2,three,51a_7,190609,3.84,0.75,18.45,59.08,8.95,2.76,0.52,0.08,3.84,1839,5537,1212,99.13
428,49,AMS,6,2,three,51a_6,190609,4.04,0.64,18.19,58.56,8.88,2.36,0.50,0.14,3.38,1282,5466,541,97.44
429,49,AMS,6,2,three,51a_5,190609,4.11,0.79,18.36,58.82,8.91,2.80,0.45,0.06,3.85,1817,6055,1070,99.04
430,49,AMS,6,2,three,51a_4,190609,4.02,0.68,18.49,59.18,8.82,2.65,0.53,0.13,3.45,2012,5984,921,98.85
431,49,AMS,6,2,three,51a_3,190609,4.24,0.74,18.58,58.87,8.89,2.93,0.47,0.10,3.72,1897,6531,946,99.48
432,49,AMS,6,2,three,51a_2,190609,3.98,0.81,18.33,58.89,8.81,2.86,0.49,0.08,3.71,1960,5359,385,98.72
433,49,AMS,6,2,three,51a_1,190609,3.91,0.74,18.51,59.11,9.00,2.67,0.49,0.15,3.72,1849,5285,98,99.03
434,49,AMS,6,2,three,56_17,190609,4.25,0.75,18.35,58.59,8.73,2.55,0.51,0.18,3.74,2130,6245,373,98.54
435,49,AMS,6,2,three,56_16,190609,3.96,1.05,18.19,58.61,8.68,3.12,0.50,0.13,3.85,1566,6644,804,98.98
436,49,AMS,6,2,three,56_15,190609,4.19,0.88,18.45,58.17,8.77,2.76,0.51,0.12,3.79,2143,6455,0,98.49
437,49,AMS,6,2,three,56_14,190609,4.24,0.67,18.37,58.95,8.67,2.74,0.49,0.13,3.82,1651,6606,674,98.97
438,49,AMS,6,2,three,56_13,190609,3.92,0.71,18.08,59.01,8.95,2.63,0.47,0.11,3.57,1885,6430,1055,98.40
439,49,AMS,6,2,three,56_11,190609,4.13,0.72,18.23,59.11,9.16,2.62,0.49,0.11,3.45,1734,7108,675,98.97
440,49,AMS,6,2,three,56_10,190609,4.05,0.64,18.20,59.07,8.97,2.52,0.46,0.18,3.48,1628,7259,1198,98.58
441,49,AMS,6,2,three,56_9,190609,4.34,0.61,18.39,59.21,9.11,2.30,0.49,0.06,3.44,1849,4796,551,98.67
442,49,AMS,6,2,three,56_6,190609,4.23,0.82,18.33,59.02,8.56,2.70,0.50,0.12,3.78,2003,6039,812,98.93
443,49,AMS,6,2,three,56_4,190609,3.94,0.60,18.25,59.75,9.01,2.48,0.41,0.04,3.29,1937,5298,189,98.51
444,49,AMS,6,2,three,56_3,190609,4.22,0.67,18.28,59.26,8.98,2.63,0.54,0.17,3.85,1660,6186,936,99.48
445,49,AMS,6,2,three,56_1,190609,4.41,0.71,18.33,59.68,8.94,2.63,0.48,0.21,3.62,1439,6305,1039,99.89
446,49,AMS,6,2,three,54_15,190609,4.02,0.77,18.56,59.37,8.74,2.69,0.49,0.07,3.87,1855,6272,1051,99.50
447,49,AMS,6,2,three,54_14,190609,3.68,0.72,18.05,58.06,8.73,2.55,0.47,0.09,3.66,1693,6739,995,96.94
448,49,AMS,6,2,three,54_13,190609,4.14,0.73,18.48,60.26,8.94,2.79,0.50,0.14,3.81,1881,7172,83,100.69
449,49,AMS,6,2,three,54_12,190609,3.77,0.54,17.51,56.59,8.39,2.46,0.46,0.17,3.14,884,7078,690,93.89
450,49,AMS,6,2,three,54_8,190609,4.03,0.52,18.82,59.68,9.47,2.69,0.46,0.07,3.16,1213,7076,1011,99.83
451,49,AMS,6,2,three,54_7,190609,3.34,0.71,16.75,54.61,8.14,2.88,0.42,0.12,3.63,1553,5913,721,91.42
452,49,AMS,6,2,three,54_6,190609,3.84,0.88,18.67,59.40,9.28,2.87,0.44,0.11,3.98,2152,6010,967,100.38
453,49,AMS,6,2,three,54_5,190609,3.99,0.86,18.53,59.54,8.88,2.85,0.49,0.12,3.93,1762,6339,1289,100.13
454,49,AMS,6,2,three,54_4,190609,3.62,0.81,17.67,56.72,8.41,2.82,0.40,0.17,3.48,1932,6287,658,95.01
455,49,AMS,6,2,three,54_1,190609,3.45,0.69,17.37,56.17,8.19,2.55,0.42,0.12,3.48,1514,6660,311,93.30
456,49,AMS,6,2,three,53_20,210609,4.34,0.55,18.55,59.90,8.86,2.44,0.52,0.12,3.41,1159,6619,1726,99.64
457,49,AMS,6,2,three,53_19,210609,4.32,0.56,17.70,58.29,8.55,2.76,0.48,0.12,3.31,1036,6044,566,96.85
458,49,AMS,6,2,three,53_17,210609,4.12,0.60,18.60,59.62,9.39,2.26,0.42,0.14,3.37,1331,6198,1032,99.37
459,49,AMS,6,2,three,53_16,210609,3.82,0.71,18.36,59.12,9.05,2.54,0.42,0.12,3.57,1161,5372,167,98.38
460,49,AMS,6,2,three,53_15,210609,3.64,0.76,18.47,59.35,9.44,2.53,0.42,0.15,3.69,1788,5220,912,99.24
461,49,AMS,6,2,three,53_14,210609,3.89,0.72,17.58,57.02,8.43,2.29,0.48,0.06,3.37,1295,5635,1252,94.66
462,49,AMS,6,2,three,53_13,210609,3.96,0.77,18.51,59.41,9.16,2.67,0.52,0.12,3.68,1406,5359,578,99.54
463,49,AMS,6,2,three,53_11,210609,4.21,0.78,18.61,59.36,8.54,3.09,0.48,0.12,3.82,1809,5270,452,99.77
464,49,AMS,6,2,three,53_10,210609,4.30,0.57,18.59,59.99,8.82,2.32,0.43,0.16,3.19,1301,6327,1180,99.25
465,49,AMS,6,2,three,53_9,210609,4.37,0.50,18.60,60.28,9.00,2.37,0.43,0.13,3.22,997,6485,1209,99.78
466,49,AMS,6,2,three,53_7,210609,4.25,0.55,17.71,58.40,8.63,2.42,0.51,0.14,3.32,1142,5903,1148,96.75
467,49,AMS,6,2,three,53_6,210609,4.26,0.53,17.65,57.64,8.71,2.30,0.47,0.17,3.46,964,6294,1821,96.11
468,49,AMS,6,2,three,53_5,210609,3.93,0.51,17.33,57.10,8.45,2.60,0.42,0.10,3.08,1501,6338,1574,94.47
469,49,AMS,6,2,three,53_3,210609,4.07,0.54,17.69,58.02,8.45,2.38,0.54,0.13,3.04,1403,6220,890,95.71
470,49,AMS,6,2,three,53_2,210609,4.22,0.51,17.47,58.04,8.40,2.29,0.45,0.15,3.34,1034,6555,248,95.64
471,49,AMS,6,2,three,53_1,210609,4.11,0.53,17.07,57.77,8.45,2.18,0.37,0.11,3.06,916,6886,301,94.45
472,49,AMS,6,2,three,CF52_1,130809,5.13,0.44,17.76,60.05,7.89,2.08,0.54,0.14,3.32,,,,97.34
473,49,AMS,6,2,three,CF52_2,130809,5.04,0.51,18.27,59.68,8.17,2.16,0.42,0.16,3.01,,,,97.44
474,49,AMS,6,2,three,CF52_3,130809,4.33,0.68,18.32,58.97,8.54,2.41,0.44,0.24,3.56,,,,97.50
475,49,AMS,6,2,three,CF52_4,130809,4.15,0.66,17.31,56.67,7.64,2.28,0.44,0.08,3.36,,,,92.58
476,49,AMS,6,2,three,CF52_5,130809,3.84,0.67,17.51,56.87,8.35,2.37,0.44,0.16,3.21,,,,93.42
477,49,AMS,6,2,three,CF52_6,130809,3.84,0.51,17.69,55.73,8.21,2.32,0.46,0.12,3.33,,,,92.20
478,49,AMS,6,2,three,CF52_7,130809,4.20,0.72,17.51,57.19,8.04,2.49,0.46,0.12,3.75,,,,94.48
479,49,AMS,6,2,three,VF1-4-19,310509,4.18,0.59,17.07,57.08,8.24,2.09,0.42,0.18,3.08,,,,92.92
480,49,AMS,6,2,three,VF1-4-18,310509,4.14,0.64,17.76,58.40,8.12,2.25,0.47,0.18,3.25,,,,95.20
481,49,AMS,6,2,three,VF1-4-16,310509,4.75,0.52,17.85,59.63,8.07,2.09,0.41,0.15,3.17,,,,96.64
482,49,AMS,6,2,three,VF1-4-15,310509,4.33,0.53,18.12,59.36,8.64,2.17,0.40,0.16,3.05,,,,96.78
483,49,AMS,6,2,three,VF1-4-14,310509,3.91,0.45,16.98,57.59,8.32,2.09,0.39,0.14,3.24,,,,93.11
484,49,AMS,6,2,three,VF1-4-13,310509,4.25,0.57,16.97,56.37,7.84,2.20,0.39,0.15,3.41,,,,92.15
485,49,AMS,6,2,three,VF1-4-12,310509,4.57,0.62,17.98,58.39,8.23,2.23,0.45,0.14,3.30,,,,95.91
486,49,AMS,6,2,three,VF1-4-11,310509,4.54,0.54,17.45,56.62,8.03,2.28,0.44,0.10,3.19,,,,93.20
487,49,AMS,6,2,three,VF1-4-10,310509,4.26,0.59,17.28,56.44,8.06,2.19,0.44,0.13,3.17,,,,92.55
488,49,AMS,6,2,three,VF1-4-9,310509,4.52,0.65,17.44,57.05,7.90,2.22,0.41,0.08,3.18,,,,93.44
489,49,AMS,6,2,three,VF1-4-8,310509,4.33,0.63,16.98,56.08,8.15,2.42,0.46,0.09,3.16,,,,92.29
490,49,AMS,6,2,three,VF1-4-7,310509,4.39,0.57,17.97,59.22,8.37,2.24,0.45,0.08,3.14,,,,96.44
491,49,AMS,6,2,three,VF1-4-6,310509,4.96,0.42,17.92,59.58,7.95,2.11,0.46,0.17,3.09,,,,96.67
492,49,AMS,6,2,three,VF1-4-5,310509,4.75,0.48,18.05,59.20,8.37,2.17,0.40,0.17,3.17,,,,96.74
493,49,AMS,6,2,three,VF1-4-4,310509,4.64,0.57,17.88,59.01,8.26,2.27,0.44,0.15,3.19,,,,96.40
494,49,AMS,6,2,three,VF1-4-3,310509,4.71,0.59,17.69,59.40,8.22,2.32,0.44,0.21,3.30,,,,96.88
495,49,AMS,6,2,three,VF1-4-1,310509,4.56,0.54,17.68,59.07,8.46,2.27,0.43,0.12,2.98,,,,96.11
496,49,AMS,6,2,three,CF52_1,291109,4.51,0.59,17.99,59.74,8.68,2.35,0.51,0.14,3.36,1349,7406,2135,98.96
497,49,AMS,6,2,three,CF52_10,291109,4.24,0.63,17.60,57.11,7.79,2.26,0.49,0.15,3.37,788,7531,2443,94.71
498,49,AMS,6,2,three,CF52_11,291109,4.06,0.40,18.03,59.39,9.11,1.80,0.38,0.17,2.51,788,5056,1017,96.56
499,49,AMS,6,2,three,CF52_2,291109,4.29,0.68,18.38,59.15,8.54,2.56,0.43,0.09,3.55,1155,6846,2647,98.73
500,49,AMS,6,2,three,CF52_3,291109,4.57,0.73,18.04,58.85,8.33,2.62,0.53,0.08,3.34,1523,7356,2086,98.19
501,49,AMS,6,2,three,CF52_4,291109,4.48,0.61,17.86,58.00,8.13,2.37,0.49,0.21,3.45,1260,7590,1732,96.66
502,49,AMS,6,2,three,CF52_5,291109,4.20,0.73,17.92,57.24,7.95,2.60,0.43,0.09,3.42,1233,6644,1740,95.53
503,49,AMS,6,2,three,CF52_6,291109,4.89,0.65,18.47,59.54,8.37,2.48,0.53,0.17,3.28,966,7289,2935,99.49
504,49,AMS,6,2,three,CF52_7,291109,4.66,0.54,17.98,57.63,7.67,2.52,0.49,0.05,3.60,1096,7289,159,95.99
505,49,AMS,6,2,three,CF52_8,291109,4.29,0.59,18.12,57.24,7.53,2.37,0.47,0.13,3.33,801,7256,1911,95.07
506,49,AMS,6,2,three,CF52_9,291109,4.50,0.60,18.10,60.10,8.51,2.41,0.55,0.01,3.64,986,7338,1594,99.42
507,49,AMS,6,2,three,51_20,210609,3.79,0.89,17.89,58.13,8.65,2.73,0.45,0.17,3.64,1835,5848,1454,97.26
508,49,AMS,6,2,three,51_19,210609,4.02,0.80,18.20,59.11,8.86,2.95,0.50,0.16,3.64,1941,5461,955,99.06
509,49,AMS,6,2,three,51_18,210609,3.93,0.75,17.82,57.65,8.72,2.75,0.52,0.14,3.78,1532,5514,0,96.78
510,49,AMS,6,2,three,51_17,210609,3.89,0.78,18.39,58.98,9.07,2.71,0.48,0.11,3.79,1919,5184,787,98.97
511,49,AMS,6,2,three,51_16,210609,4.18,0.70,18.22,59.15,8.88,2.63,0.49,0.13,3.64,1306,5422,907,98.78
512,49,AMS,6,2,three,51_14,210609,4.09,0.65,17.76,57.00,8.49,2.58,0.45,0.16,3.71,1711,6090,1277,95.82
513,49,AMS,6,2,three,51_13,210609,3.68,0.71,17.25,55.78,8.81,2.66,0.54,0.12,3.71,1628,5430,2,93.98
514,49,AMS,6,2,three,51_9,210609,4.05,0.79,18.30,59.71,8.82,2.76,0.50,0.16,3.71,2041,5390,857,99.62
515,49,AMS,6,2,three,51_8,210609,4.14,0.79,18.33,59.55,8.84,2.72,0.44,0.06,3.54,1937,5138,661,99.21
516,49,AMS,6,2,three,51_6,210609,3.92,0.81,18.30,59.38,9.01,2.74,0.48,0.16,3.77,1868,6065,385,99.40
517,49,AMS,6,2,three,51_5,210609,3.94,0.81,18.30,58.54,8.66,2.70,0.45,0.14,3.92,1594,5448,1839,98.34
518,49,AMS,6,2,three,51_4,210609,4.24,0.72,18.18,58.37,8.77,2.83,0.42,0.17,3.61,1709,5479,1417,98.17
519,49,AMS,6,2,three,51_3,210609,3.92,0.72,18.50,59.48,9.07,2.67,0.45,0.14,3.68,1641,5416,566,99.39
520,49,AMS,6,2,three,51_1,210609,3.95,0.76,18.09,57.96,8.61,2.57,0.40,0.20,3.71,1473,5260,907,97.03
521,49,AMS,6,2,three,vf23_2_2,211009,4.29,0.58,19.36,60.11,8.44,2.35,0.54,0.18,3.79,1189,6938,1279,100.58
522,49,AMS,6,2,three,vf23_2_5,211009,4.05,0.75,19.34,60.06,8.23,2.85,0.52,0.15,4.03,1884,7125,1351,101.01
523,49,AMS,6,2,three,48_16,210609,4.34,0.60,17.97,58.99,8.09,2.48,0.42,0.15,3.25,740,6182,1470,97.13
524,49,AMS,6,2,three,48_15,210609,4.77,0.61,18.43,59.79,8.42,2.57,0.49,0.13,3.35,890,6958,856,99.42
525,49,AMS,6,2,three,48_13,210609,4.16,0.64,18.43,59.89,8.56,2.52,0.46,0.17,3.43,1382,6567,952,99.15
526,49,AMS,6,2,three,48_12,210609,4.64,0.55,18.18,59.48,8.66,2.42,0.42,0.13,3.40,901,6539,584,98.69
527,49,AMS,6,2,three,48_11,210609,4.67,0.55,18.47,60.37,8.42,2.42,0.42,0.13,3.21,1455,6252,2453,99.67
528,49,AMS,6,2,three,48_9,210609,4.94,0.54,18.51,59.91,8.30,2.58,0.47,0.15,3.42,955,6886,736,99.68
529,49,AMS,6,2,three,48_7,210609,4.58,0.54,18.26,59.07,8.26,2.37,0.47,0.17,3.32,1245,6210,1471,97.92
530,49,AMS,6,2,three,48_6,210609,4.33,0.61,18.02,59.17,8.55,2.48,0.51,0.23,3.33,1129,6564,1179,98.12
531,49,AMS,6,2,three,48_4,210609,4.62,0.55,17.55,58.31,8.09,2.23,0.46,0.11,3.21,1023,6457,1266,96.00
532,49,AMS,6,2,three,48_3,210609,4.71,0.61,18.14,59.88,8.58,2.36,0.48,0.14,3.17,1097,6261,1127,98.92
533,49,AMS,6,2,three,48_2,210609,4.42,0.70,18.42,59.24,8.37,2.53,0.55,0.20,3.49,2118,6343,1113,98.88
534,49,AMS,6,2,three,CF48_1,011209,4.67,0.54,18.72,59.17,8.81,2.27,0.43,0.19,3.08,1154,7586,1199,98.87
535,49,AMS,6,2,three,CF48_10,011209,4.31,0.63,18.56,59.05,8.66,2.54,0.53,0.19,3.36,1147,7556,1338,98.83
536,49,AMS,6,2,three,CF48_11,011209,4.26,0.71,18.19,58.60,8.69,2.81,0.54,0.10,3.49,1271,7507,2080,98.48
537,49,AMS,6,2,three,CF48_12,011209,4.88,0.53,18.67,58.85,8.69,2.33,0.50,0.09,3.32,964,7679,2292,98.96
538,49,AMS,6,2,three,CF48_2,011209,4.58,0.53,18.58,58.56,7.59,2.31,0.40,0.14,3.39,906,6851,1992,97.06
539,49,AMS,6,2,three,CF48_3,011209,4.78,0.52,18.83,58.54,8.67,2.43,0.42,0.17,3.24,1156,7451,1369,98.60
540,49,AMS,6,2,three,CF48_4,011209,4.54,0.53,18.84,58.75,8.63,2.29,0.50,0.13,3.11,1534,7616,1922,98.43
541,49,AMS,6,2,three,CF48_5,011209,4.62,0.59,18.44,60.75,8.80,2.35,0.47,0.11,3.14,1443,7611,557,100.23
542,49,AMS,6,2,three,CF48_6,011209,4.38,0.56,18.78,59.02,8.40,2.31,0.45,0.13,3.21,1385,6879,1406,98.20
543,49,AMS,6,2,three,CF48_7,011209,4.81,0.54,18.83,59.30,8.34,2.28,0.43,0.28,3.19,1717,7889,2483,99.21
544,49,AMS,6,2,three,CF48_8,011209,4.51,0.55,18.79,59.75,8.86,2.35,0.41,0.24,3.47,1537,7838,1466,100.02
545,49,AMS,6,2,three,CF48_9,011209,4.43,0.62,18.64,59.09,8.66,2.46,0.44,0.13,3.56,1667,7081,1500,99.05
546,48,Paleoastroni 2,7,1,three,cf63_1,150809,4.58,0.51,18.52,61.40,8.36,2.30,0.54,0.17,3.28,,,,99.66
547,48,Paleoastroni 2,7,1,three,cf63_3,150809,4.32,0.55,18.54,61.38,8.39,2.19,0.50,0.13,3.20,,,,99.20
548,48,Paleoastroni 2,7,1,three,cf63_4,150809,4.55,0.50,19.00,60.67,8.40,2.24,0.42,0.12,3.17,,,,99.07
549,48,Paleoastroni 2,7,1,three,cf63_5,150809,4.51,0.58,18.65,61.70,8.39,2.22,0.39,0.14,3.33,,,,99.91
550,48,Paleoastroni 2,7,1,three,cf63_6,150809,4.45,0.59,18.70,61.64,8.26,2.32,0.49,0.10,3.51,,,,100.05
551,48,Paleoastroni 2,7,1,three,cf63_7,150809,4.69,0.56,17.85,61.60,8.39,2.33,0.56,0.24,3.34,,,,99.55
552,48,Paleoastroni 2,7,1,three,cf63_8,150809,3.91,0.58,18.50,61.60,8.49,2.36,0.42,0.18,3.34,,,,99.39
553,48,Paleoastroni 2,7,1,three,63_20,180609,4.47,0.55,18.37,60.58,8.68,2.35,0.50,0.17,3.55,1448,7503,52,100.13
554,48,Paleoastroni 2,7,1,three,63_19,180609,4.67,0.54,17.94,60.15,8.59,2.14,0.45,0.14,3.37,1341,6939,1765,99.00
555,48,Paleoastroni 2,7,1,three,63_17,180609,5.05,0.61,18.45,60.18,8.73,2.17,0.51,0.11,3.68,1190,8337,1702,100.62
556,48,Paleoastroni 2,7,1,three,63_16,180609,4.31,0.49,17.72,59.73,9.02,2.31,0.37,0.14,3.22,1010,8325,357,98.28
557,48,Paleoastroni 2,7,1,three,63_15,180609,4.93,0.53,18.17,60.89,8.52,2.17,0.48,0.15,3.30,1398,7027,1699,100.16
558,48,Paleoastroni 2,7,1,three,63_13,180609,4.80,0.61,18.31,60.88,8.84,2.35,0.42,0.09,3.23,990,6121,160,100.27
559,48,Paleoastroni 2,7,1,three,63_10,180609,4.86,0.57,18.52,61.48,8.41,2.30,0.39,0.11,3.38,1638,8184,1412,101.15
560,48,Paleoastroni 2,7,1,three,63_8,180609,4.75,0.56,18.57,60.60,8.44,2.37,0.42,0.19,3.14,1242,6989,471,99.92
561,48,Paleoastroni 2,7,1,three,63_7,180609,4.49,0.63,18.41,60.92,8.83,2.28,0.44,0.06,3.26,974,6836,263,100.13
562,48,Paleoastroni 2,7,1,three,63_6,180609,4.88,0.50,18.30,60.97,8.95,2.40,0.50,0.12,3.37,698,7587,1801,101.00
563,48,Paleoastroni 2,7,1,three,63_5,180609,4.73,0.53,18.30,60.03,8.76,2.18,0.50,0.18,3.23,1204,8060,1345,99.50
564,48,Paleoastroni 2,7,1,three,63_3,180609,4.87,0.56,18.33,60.47,8.37,2.37,0.44,0.16,3.41,656,7693,845,99.89
565,48,Paleoastroni 2,7,1,three,63_2,180609,4.72,0.54,18.22,60.34,8.53,2.16,0.42,0.16,3.39,991,6775,1745,99.42
566,48,Paleoastroni 2,7,1,three,63_1,180609,4.48,0.56,18.19,60.45,8.91,2.36,0.45,0.16,3.34,1236,7530,1264,99.89
567,48,Paleoastroni 2,7,1,three,VF5?-7-20,300509,4.65,0.53,18.17,59.71,8.25,2.15,0.40,0.14,3.25,,,,97.25
568,48,Paleoastroni 2,7,1,three,VF5?-7-19,300509,4.43,0.35,18.52,60.43,8.56,2.28,0.43,0.10,2.70,,,,97.80
569,48,Paleoastroni 2,7,1,three,VF5?-7-18,300509,4.42,0.56,18.27,60.22,8.63,2.23,0.38,0.09,3.32,,,,98.12
570,48,Paleoastroni 2,7,1,three,VF5?-7-17,300509,4.75,0.51,18.54,59.66,8.24,2.27,0.43,0.11,3.34,,,,97.86
571,48,Paleoastroni 2,7,1,three,VF5?-7-16,300509,4.73,0.53,18.12,58.82,8.43,2.26,0.42,0.13,3.24,,,,96.66
572,48,Paleoastroni 2,7,1,three,VF5?-7-15,300509,4.38,0.57,18.11,59.19,8.37,2.35,0.44,0.12,3.42,,,,96.96
573,48,Paleoastroni 2,7,1,three,VF5?-7-14,300509,4.46,0.59,18.41,59.97,8.47,2.24,0.42,0.12,3.38,,,,98.07
574,48,Paleoastroni 2,7,1,three,VF5?-7-13,300509,4.53,0.55,18.19,60.08,8.46,2.14,0.42,0.12,3.31,,,,97.80
575,48,Paleoastroni 2,7,1,three,VF5?-7-11,300509,3.66,0.63,17.67,58.13,8.97,2.31,0.43,0.08,4.11,,,,95.98
576,48,Paleoastroni 2,7,1,three,VF5?-7-10,300509,4.85,0.55,18.01,59.54,7.68,2.04,0.43,0.13,3.29,,,,96.51
577,48,Paleoastroni 2,7,1,three,VF5?-7-9,300509,4.84,0.58,18.11,59.06,8.12,2.32,0.44,0.14,3.25,,,,96.88
578,48,Paleoastroni 2,7,1,three,VF5?-7-7,300509,4.83,0.60,17.87,59.30,8.22,2.23,0.42,0.07,3.35,,,,96.90
579,48,Paleoastroni 2,7,1,three,VF5?-7-6,300509,4.34,0.56,18.33,59.31,8.22,2.18,0.42,0.13,3.49,,,,96.98
580,48,Paleoastroni 2,7,1,three,VF5?-7-5,300509,4.70,0.55,18.32,58.91,8.04,2.25,0.42,0.11,3.24,,,,96.55
581,48,Paleoastroni 2,7,1,three,VF5?-7-4,300509,4.85,0.58,18.43,59.23,8.21,2.23,0.42,0.18,3.39,,,,97.52
582,48,Paleoastroni 2,7,1,three,VF5?-7-3,300509,4.75,0.58,18.40,59.13,8.40,2.21,0.47,0.19,3.43,,,,97.56
583,48,Paleoastroni 2,7,1,three,VF5?-7-2,300509,4.70,0.60,18.62,59.67,8.27,2.16,0.41,0.05,3.40,,,,97.89
584,48,Paleoastroni 2,7,1,three,VF5?-7-1,300509,4.70,0.62,17.68,57.96,7.84,2.05,0.46,0.17,3.66,,,,95.15
585,48,Paleoastroni 2,7,1,three,VF3-6-22,290509,5.02,0.50,17.42,57.28,7.79,2.09,0.40,0.12,3.21,,,,93.84
586,48,Paleoastroni 2,7,1,three,VF3-6-21,290509,5.04,0.49,17.53,57.66,7.73,2.09,0.40,0.17,3.30,,,,94.40
587,48,Paleoastroni 2,7,1,three,VF3-6-20,290509,4.93,0.51,18.45,60.42,8.02,2.14,0.43,0.16,3.01,,,,98.05
588,48,Paleoastroni 2,7,1,three,VF3-6-19,290509,4.68,0.42,17.65,58.08,7.66,1.94,0.41,0.16,3.33,,,,94.33
589,48,Paleoastroni 2,7,1,three,VF3-6-17,290509,5.09,0.50,18.24,60.74,8.00,2.13,0.44,0.15,3.02,,,,98.30
590,48,Paleoastroni 2,7,1,three,VF3-6-16,290509,5.04,0.57,18.33,60.44,7.98,2.23,0.49,0.09,3.23,,,,98.40
591,48,Paleoastroni 2,7,1,three,VF3-6-15,290509,5.14,0.50,18.40,60.78,8.14,2.12,0.48,0.09,3.07,,,,98.71
592,48,Paleoastroni 2,7,1,three,VF3-6-13,290509,4.68,0.57,18.31,60.39,8.17,2.27,0.40,0.16,3.35,,,,98.30
593,48,Paleoastroni 2,7,1,three,VF3-6-12,290509,4.58,0.56,18.52,60.47,8.37,2.25,0.45,0.15,3.32,,,,98.67
594,48,Paleoastroni 2,7,1,three,VF3-6-11,290509,4.52,0.56,18.30,60.48,8.35,2.27,0.45,0.09,3.16,,,,98.17
595,48,Paleoastroni 2,7,1,three,VF3-6-8,290509,4.55,0.48,17.18,58.15,7.98,2.07,0.42,0.15,2.98,,,,93.96
596,48,Paleoastroni 2,7,1,three,VF3-6-7,290509,4.38,0.59,18.35,59.60,8.52,2.26,0.37,0.14,3.35,,,,97.58
597,48,Paleoastroni 2,7,1,three,VF3-6-6,290509,4.30,0.58,18.44,60.14,8.60,2.31,0.44,0.14,3.42,,,,98.36
598,48,Paleoastroni 2,7,1,three,VF3-6-5,290509,5.14,0.50,18.12,59.96,8.13,2.09,0.45,0.17,3.17,,,,97.73
599,48,Paleoastroni 2,7,1,three,VF3-6-4,290509,4.94,0.49,18.15,59.69,8.20,2.12,0.45,0.15,3.31,,,,97.49
600,48,Paleoastroni 2,7,1,three,VF3-6-3,290509,4.79,0.48,17.89,60.17,8.12,2.16,0.42,0.17,3.22,,,,97.40
601,48,Paleoastroni 2,7,1,three,VF3-6-2,290509,5.11,0.51,18.26,60.07,8.20,2.12,0.42,0.11,3.22,,,,98.03
602,48,Paleoastroni 2,7,1,three,VF3-6-1,290509,5.10,0.49,18.05,60.09,7.91,2.14,0.44,0.16,3.19,,,,97.58
603,47,Paleoastroni 1,7,1,three,VF3-7-21,290509,5.49,0.62,18.03,58.04,8.02,2.18,0.48,0.22,4.25,,,,97.32
604,47,Paleoastroni 1,7,1,three,VF3-7-20,290509,5.10,0.59,18.81,60.04,8.25,2.30,0.38,0.18,3.61,,,,99.25
605,47,Paleoastroni 1,7,1,three,VF3-7-19,290509,4.34,0.56,18.20,59.19,8.72,2.23,0.45,0.21,3.13,,,,97.01
606,47,Paleoastroni 1,7,1,three,VF3-7-18,290509,4.51,0.40,18.53,58.53,8.56,2.16,0.36,0.11,3.03,,,,96.19
607,47,Paleoastroni 1,7,1,three,VF3-7-17,290509,4.29,0.54,18.01,57.36,8.52,2.26,0.39,0.07,3.12,,,,94.57
608,47,Paleoastroni 1,7,1,three,VF3-7-16,290509,4.76,0.56,18.58,59.10,8.64,2.27,0.37,0.15,3.35,,,,97.78
609,47,Paleoastroni 1,7,1,three,VF3-7-15,290509,4.44,0.58,18.22,57.20,8.59,2.41,0.44,0.15,3.52,,,,95.54
610,47,Paleoastroni 1,7,1,three,VF3-7-13,290509,4.42,0.47,18.51,58.55,8.72,2.24,0.41,0.17,3.29,,,,96.80
611,47,Paleoastroni 1,7,1,three,VF3-7-12,290509,4.51,0.62,18.20,57.81,8.49,2.40,0.46,0.07,3.52,,,,96.08
612,47,Paleoastroni 1,7,1,three,VF3-7-11,290509,4.65,0.50,18.91,60.69,7.54,2.27,0.37,0.14,3.35,,,,98.43
613,47,Paleoastroni 1,7,1,three,VF3-7-10,290509,4.49,0.51,18.65,58.04,8.62,2.31,0.36,0.13,3.17,,,,96.28
614,47,Paleoastroni 1,7,1,three,VF3-7-9,290509,4.23,0.62,18.10,57.49,8.27,2.37,0.36,0.20,4.12,,,,95.74
615,47,Paleoastroni 1,7,1,three,VF3-7-8,290509,4.77,0.66,18.12,56.97,8.41,2.24,0.44,0.12,4.20,,,,95.92
616,47,Paleoastroni 1,7,1,three,VF3-7-7,290509,4.79,0.50,18.19,57.65,8.32,2.40,0.51,0.22,3.59,,,,96.19
617,47,Paleoastroni 1,7,1,three,VF3-7-6,290509,4.88,0.54,18.68,59.43,8.64,2.21,0.40,0.13,3.31,,,,98.23
618,47,Paleoastroni 1,7,1,three,VF3-7-5,290509,5.22,0.62,17.82,57.33,8.18,2.24,0.45,0.14,3.96,,,,95.96
619,47,Paleoastroni 1,7,1,three,VF3-7-4,290509,4.97,0.51,18.26,58.51,8.58,2.30,0.41,0.19,3.38,,,,97.10
620,47,Paleoastroni 1,7,1,three,VF3-7-3,290509,4.74,0.51,18.50,57.74,8.46,2.33,0.40,0.19,3.20,,,,96.06
621,47,Paleoastroni 1,7,1,three,60_20,180609,3.86,0.82,17.78,57.12,8.64,2.72,0.44,0.19,3.49,1655,6208,475,95.89
622,47,Paleoastroni 1,7,1,three,60_19,180609,4.01,0.52,18.07,60.03,9.02,2.38,0.45,0.14,3.02,814,6884,1416,98.55
623,47,Paleoastroni 1,7,1,three,60_18,180609,4.56,0.59,18.20,60.46,8.81,2.37,0.47,0.15,3.44,1630,7347,830,100.03
624,47,Paleoastroni 1,7,1,three,60_17,180609,4.24,0.57,18.07,59.97,8.86,2.52,0.49,0.14,3.40,2028,7113,0,99.17
625,47,Paleoastroni 1,7,1,three,60_15,180609,4.41,0.52,17.99,60.15,8.73,2.40,0.40,0.12,3.42,1407,7099,1471,99.14
626,47,Paleoastroni 1,7,1,three,60_14,180609,4.35,0.69,18.11,59.87,8.67,2.59,0.46,0.10,3.47,1685,7362,1021,99.31
627,47,Paleoastroni 1,7,1,three,60_13,180609,4.40,0.59,18.08,59.90,8.83,2.35,0.48,0.13,3.53,1628,7466,1018,99.29
628,47,Paleoastroni 1,7,1,three,60_11,180609,4.34,0.49,18.66,60.78,9.58,2.31,0.45,0.13,2.78,1470,5810,773,100.34
629,47,Paleoastroni 1,7,1,three,60_10,180609,4.31,0.59,17.49,58.90,8.69,2.27,0.42,0.11,3.34,1484,7454,1252,97.13
630,47,Paleoastroni 1,7,1,three,60_9,180609,4.10,0.51,18.38,61.03,9.28,2.22,0.44,0.10,2.60,1118,6015,1384,99.52
631,47,Paleoastroni 1,7,1,three,60_6,180609,5.03,0.55,18.52,60.62,8.67,2.31,0.48,0.13,3.35,947,7323,492,100.53
632,47,Paleoastroni 1,7,1,three,60_5,180609,4.63,0.59,18.35,60.42,8.88,2.42,0.47,0.06,3.42,1161,7402,652,100.16
633,47,Paleoastroni 1,7,1,three,60_3,180609,4.61,0.58,17.96,60.25,8.80,2.29,0.41,0.09,3.39,1339,7614,665,99.35
634,47,Paleoastroni 1,7,1,three,60_2,180609,4.69,0.64,17.90,59.94,8.80,2.36,0.50,0.14,3.45,1784,8328,533,99.49
635,47,Paleoastroni 1,7,1,three,VF1-3-20,310509,4.58,0.59,18.02,58.74,8.29,2.38,0.47,0.08,3.44,,,,96.58
636,47,Paleoastroni 1,7,1,three,VF1-3-18,310509,4.44,0.63,18.30,59.50,8.54,2.45,0.46,0.17,3.43,,,,97.92
637,47,Paleoastroni 1,7,1,three,VF1-3-17,310509,4.62,0.63,18.10,58.43,8.32,2.58,0.45,0.07,3.32,,,,96.51
638,47,Paleoastroni 1,7,1,three,VF1-3-16,310509,4.52,0.61,18.04,59.40,8.24,2.43,0.43,0.17,3.47,,,,97.31
639,47,Paleoastroni 1,7,1,three,VF1-3-14,310509,4.58,0.57,16.77,55.59,8.15,2.26,0.46,0.06,3.37,,,,91.80
640,47,Paleoastroni 1,7,1,three,VF1-3-12,310509,4.56,0.63,17.81,58.11,8.37,2.15,0.44,0.09,3.28,,,,95.44
641,47,Paleoastroni 1,7,1,three,VF1-3-11,310509,4.51,0.62,17.77,58.61,8.46,2.28,0.41,0.14,3.36,,,,96.17
642,47,Paleoastroni 1,7,1,three,VF1-3-10,310509,4.30,0.63,18.06,59.57,8.62,2.51,0.45,0.13,3.30,,,,97.59
643,47,Paleoastroni 1,7,1,three,VF1-3-8,310509,4.23,0.58,17.82,58.20,8.76,2.47,0.46,0.14,3.27,,,,95.92
644,47,Paleoastroni 1,7,1,three,VF1-3-7,310509,4.58,0.53,17.66,58.76,8.38,2.28,0.38,0.12,3.30,,,,96.00
645,47,Paleoastroni 1,7,1,three,VF1-3-5,310509,4.12,0.92,18.44,58.95,8.39,2.70,0.41,0.09,3.97,,,,97.99
646,47,Paleoastroni 1,7,1,three,VF1-3-4,310509,4.14,0.64,17.72,57.78,8.32,2.43,0.40,0.13,3.62,,,,95.19
647,47,Paleoastroni 1,7,1,three,VF1-3-3,310509,4.57,0.61,18.15,58.85,8.02,2.17,0.46,0.12,3.48,,,,96.42
648,47,Paleoastroni 1,7,1,three,VF1-3-2,310509,4.74,0.60,18.17,58.92,8.24,2.18,0.45,0.21,3.22,,,,96.73
649,47,Paleoastroni 1,7,1,three,CF58_1,291109,4.57,0.59,18.45,59.99,8.72,2.30,0.49,0.10,3.56,1190,7623,1512,99.80
650,47,Paleoastroni 1,7,1,three,CF58_11,291109,4.74,0.57,18.63,59.95,8.55,2.34,0.48,0.17,3.21,1025,7601,1657,99.67
651,47,Paleoastroni 1,7,1,three,CF58_12,291109,4.09,0.66,17.88,58.94,8.47,2.56,0.52,0.22,2.80,1212,7096,1206,97.11
652,47,Paleoastroni 1,7,1,three,CF58_2,291109,4.50,0.63,17.76,57.63,7.84,2.31,0.44,0.12,3.53,964,7598,1509,95.76
653,47,Paleoastroni 1,7,1,three,CF58_3,291109,4.79,0.61,18.27,59.61,8.46,2.32,0.52,0.12,3.52,1193,7363,2767,99.35
654,47,Paleoastroni 1,7,1,three,CF58_5,291109,4.41,0.69,17.82,59.50,8.57,2.48,0.49,0.17,3.56,1132,7464,1021,98.64
655,47,Paleoastroni 1,7,1,three,CF58_6,291109,4.30,0.66,18.16,59.29,8.53,2.47,0.51,0.12,3.35,1430,7131,468,98.29
656,47,Paleoastroni 1,7,1,three,CF58_7,291109,4.38,0.63,18.44,59.47,8.63,2.44,0.56,0.19,3.59,1348,6666,824,99.21
657,47,Paleoastroni 1,7,1,three,CF58_8,291109,4.69,0.57,18.56,59.35,8.56,2.37,0.49,0.07,3.33,1013,7202,2273,99.05
658,46,M. SAngelo,0,0,three,cf64_1,150809,4.11,0.50,17.56,58.46,8.15,2.25,0.48,0.13,3.29,,,,94.93
659,46,M. SAngelo,0,0,three,cf64_2,150809,3.96,0.60,17.62,57.11,8.26,2.49,0.47,0.11,3.40,,,,94.02
660,46,M. SAngelo,0,0,three,cf64_3,150809,3.97,1.38,17.48,58.25,7.90,3.92,0.62,0.07,4.16,,,,97.75
661,46,M. SAngelo,0,0,three,cf64_4,150809,3.92,1.51,17.64,58.12,7.77,3.95,0.54,0.10,4.14,,,,97.70
662,46,M. SAngelo,0,0,three,cf64_5,150809,3.38,1.18,16.22,52.47,6.95,3.21,0.52,0.14,3.99,,,,88.06
663,46,M. SAngelo,0,0,three,cf64_6,150809,4.34,0.51,16.61,57.31,8.35,2.43,0.46,0.07,3.25,,,,93.34
664,46,M. SAngelo,0,0,three,cf64_8,150809,3.45,1.70,18.42,57.74,7.63,4.72,0.57,0.10,4.96,,,,99.30
665,46,M. SAngelo,0,0,three,VF5?-4-19,300509,4.68,0.58,18.36,59.19,8.26,2.19,0.47,0.06,3.50,,,,97.28
666,46,M. SAngelo,0,0,three,VF5?-4-18,300509,4.61,0.54,17.91,58.83,8.27,2.28,0.49,0.17,3.42,,,,96.50
667,46,M. SAngelo,0,0,three,VF5?-4-17,300509,4.77,0.58,18.11,58.97,8.41,2.16,0.38,0.16,3.14,,,,96.68
668,46,M. SAngelo,0,0,three,VF5?-4-16,300509,4.29,0.58,18.30,59.45,8.58,2.45,0.44,0.20,3.57,,,,97.84
669,46,M. SAngelo,0,0,three,VF5?-4-15,300509,3.79,1.13,18.20,57.76,7.88,3.23,0.43,0.14,4.14,,,,96.71
670,46,M. SAngelo,0,0,three,VF5?-4-14,300509,4.56,0.54,18.32,59.55,8.28,2.34,0.46,0.18,3.35,,,,97.58
671,46,M. SAngelo,0,0,three,VF5?-4-11,300509,3.68,1.77,18.18,56.33,7.55,4.25,0.53,0.10,4.42,,,,96.81
672,46,M. SAngelo,0,0,three,VF5?-4-10,300509,4.58,0.53,16.92,56.85,7.87,2.01,0.41,0.19,3.08,,,,92.44
673,46,M. SAngelo,0,0,three,VF5?-4-8,300509,3.95,0.65,17.36,56.67,8.15,2.48,0.45,0.13,3.48,,,,93.32
674,46,M. SAngelo,0,0,three,VF5?-4-7,300509,3.91,0.72,18.02,57.48,8.31,2.47,0.47,0.12,3.42,,,,94.91
675,46,M. SAngelo,0,0,three,VF5?-4-5,300509,4.77,0.62,18.14,59.26,8.46,2.47,0.47,0.11,3.18,,,,97.49
676,46,M. SAngelo,0,0,three,VF5?-4-4,300509,4.77,0.62,17.90,58.91,8.35,2.40,0.41,0.11,3.52,,,,96.98
677,46,M. SAngelo,0,0,three,VF5?-4-3,300509,3.48,1.69,18.07,56.68,7.51,4.07,0.56,0.16,4.41,,,,96.63
678,45,Pignatiello 2,0,0,three,68_18,190609,4.40,0.68,18.49,59.68,8.20,2.62,0.45,0.15,3.76,2005,6761,584,99.36
679,45,Pignatiello 2,0,0,three,68_17,190609,4.03,0.48,19.20,60.26,8.85,2.85,0.36,0.06,2.59,1068,4804,584,99.32
680,45,Pignatiello 2,0,0,three,68_16,190609,4.71,0.54,18.41,60.75,8.59,2.22,0.47,0.18,3.43,1204,6529,693,100.13
681,45,Pignatiello 2,0,0,three,68_14,190609,4.60,0.50,18.15,59.93,8.26,2.42,0.53,0.16,3.49,1039,7606,1623,99.09
682,45,Pignatiello 2,0,0,three,68_12,190609,4.35,0.59,17.82,58.14,8.35,2.41,0.48,0.19,3.40,1997,7375,1402,96.81
683,45,Pignatiello 2,0,0,three,68_11,190609,4.31,0.53,18.33,60.16,8.75,2.38,0.33,0.18,3.21,875,7906,1531,99.21
684,45,Pignatiello 2,0,0,three,68_10,190609,4.23,0.61,17.76,57.51,8.19,2.35,0.48,0.15,3.39,1344,6846,2196,95.70
685,45,Pignatiello 2,0,0,three,68_8,190609,4.06,0.62,16.88,55.41,7.85,2.49,0.48,0.14,3.19,1389,7448,1134,92.12
686,45,Pignatiello 2,0,0,three,68_7,190609,4.55,0.56,18.28,60.13,8.59,2.36,0.47,0.19,3.30,1074,7794,1086,99.43
687,45,Pignatiello 2,0,0,three,68_6,190609,4.92,0.55,18.65,59.85,8.26,2.40,0.52,0.18,3.65,1314,9246,1484,100.18
688,45,Pignatiello 2,0,0,three,68_5,190609,4.87,0.52,18.22,60.04,8.36,2.43,0.56,0.15,3.60,880,9074,915,99.82
689,45,Pignatiello 2,0,0,three,68_4,190609,4.54,0.52,18.36,59.65,8.47,2.31,0.48,0.16,3.62,1130,7958,861,99.11
690,45,Pignatiello 2,0,0,three,68_3,190609,4.09,0.56,17.66,57.53,7.88,2.26,0.49,0.10,3.52,1363,7480,883,95.06
691,45,Pignatiello 2,0,0,three,68_2,190609,4.79,0.53,18.50,60.40,8.32,2.42,0.44,0.09,3.50,1057,7545,1650,100.01
692,45,Pignatiello 2,0,0,three,68_1,190609,4.00,0.56,17.26,56.08,7.72,2.14,0.55,0.22,3.41,1154,6112,1216,92.80
693,44,Agnano 3,8,3,three,cf107_12,210110,3.44,1.06,17.96,56.42,8.22,3.29,0.50,0.19,4.35,2113,6099,,96.26
694,44,Agnano 3,8,3,three,cf107_4,210110,3.22,1.20,18.22,56.08,8.18,3.65,0.57,0.22,4.52,2347,6027,,96.70
695,44,Agnano 3,8,3,three,cf107_13,210110,3.43,0.76,18.55,57.46,9.39,3.14,0.45,0.16,4.13,1506,6337,,98.25
696,44,Agnano 3,8,3,three,cf107_8,210110,4.36,0.54,18.47,59.92,8.26,2.33,0.48,0.12,3.43,1233,7558,,98.80
697,44,Agnano 3,8,3,three,cf107_9,210110,4.58,0.57,18.45,60.14,8.57,2.37,0.46,0.15,3.27,1242,7264,,99.42
698,44,Agnano 3,8,3,three,cf107_11,210110,5.06,0.55,18.00,60.19,8.24,2.20,0.45,0.11,3.80,762,8499,,99.52
699,44,Agnano 3,8,3,three,cf107_15,210110,4.40,0.59,18.70,60.15,8.72,2.37,0.51,0.12,3.44,777,6617,,99.74
700,44,Agnano 3,8,3,three,cf107_3,210110,4.74,0.52,18.76,60.12,8.48,2.35,0.49,0.14,3.36,719,7164,,99.76
701,44,Agnano 3,8,3,three,cf107_1,210110,4.49,0.64,18.47,60.58,8.63,2.40,0.48,0.09,3.21,1190,7398,,99.86
702,44,Agnano 3,8,3,three,cf107_10,210110,4.41,0.62,18.39,60.82,8.50,2.45,0.43,0.16,3.23,1233,7339,,99.88
703,44,Agnano 3,8,3,three,CF106_89_5,130810,4.72,0.60,18.76,60.17,8.42,2.41,0.52,0.11,3.39,1149,,,99.23
704,44,Agnano 3,8,3,three,CF106_93_7,130810,4.50,0.60,18.60,60.69,8.03,2.29,0.49,0.21,3.31,1465,,,98.87
705,44,Agnano 3,8,3,three,CF106_95_8,130810,4.56,0.61,18.71,60.39,8.46,2.42,0.48,0.09,3.38,1080,,,99.21
706,44,Agnano 3,8,3,three,CF106_99_10,130810,3.36,1.13,18.14,56.13,8.33,3.39,0.53,0.18,4.46,2762,,,95.94
707,44,Agnano 3,8,3,three,CF106_101_11,130810,4.36,0.60,18.45,60.11,8.37,2.41,0.51,0.15,3.43,929,,,98.47
708,44,Agnano 3,8,3,three,CF106_103_12,130810,4.45,0.67,18.94,60.83,8.37,2.58,0.52,0.18,3.44,924,,,100.07
709,44,Agnano 3,8,3,three,CF106_105_13,130810,3.36,1.15,17.91,55.38,8.15,3.46,0.45,0.13,4.60,2380,,,94.85
710,44,Agnano 3,8,3,three,CF106_107_14,130810,3.23,0.79,18.19,56.06,9.36,3.09,0.51,0.16,3.93,1720,,,95.48
711,44,Agnano 3,8,3,three,CF106_109_15,130810,3.34,0.66,17.74,57.36,8.68,2.83,0.44,0.07,3.29,357,,,94.44
712,44,Agnano 3,8,3,three,CF106_111_16,130810,4.13,0.84,18.97,59.10,8.35,2.82,0.58,0.09,3.99,1646,,,99.03
713,44,Agnano 3,8,3,three,CF106_113_17,130810,4.26,0.60,18.59,60.10,8.49,2.39,0.52,0.01,3.21,1034,,,98.26
714,44,Agnano 3,8,3,three,CF106_115_18,130810,4.15,0.83,18.73,59.05,8.48,2.90,0.51,0.15,3.83,977,,,98.72
715,44,Agnano 3,8,3,three,CF106_117_19,130810,5.00,0.53,18.48,59.41,7.96,2.27,0.49,0.17,3.52,943,,,97.91
716,44,Agnano 3,8,3,three,CF106_119_20,130810,4.28,0.64,18.72,59.87,8.44,2.55,0.48,0.14,3.43,1197,,,98.67
717,44,Agnano 3,8,3,three,CF106_121_21,130810,4.06,0.50,17.31,56.79,7.91,2.15,0.36,0.14,3.14,946,,,92.47
718,44,Agnano 3,8,3,three,cf106_12,210110,3.57,0.70,17.51,55.62,8.76,2.61,0.39,0.17,3.24,1270,6088,,93.30
719,44,Agnano 3,8,3,three,cf106_13,210110,3.55,0.68,17.61,56.11,8.71,2.58,0.43,0.08,3.36,1249,6220,,93.86
720,44,Agnano 3,8,3,three,cf106_3,210110,4.02,0.43,17.87,58.32,8.64,2.14,0.44,0.11,2.78,702,5434,,95.37
721,44,Agnano 3,8,3,three,cf106_7,210110,4.61,0.55,18.11,57.94,8.14,2.35,0.51,0.11,3.33,1342,6528,,96.42
722,44,Agnano 3,8,3,three,cf106_14,210110,4.08,1.07,17.87,57.31,7.97,3.21,0.56,0.18,3.75,2161,6347,,96.84
723,44,Agnano 3,8,3,three,cf106_5,210110,4.32,0.59,18.48,58.35,8.48,2.43,0.49,0.11,3.28,1590,7733,,97.46
724,44,Agnano 3,8,3,three,cf106_11,210110,4.10,0.88,18.43,58.09,8.44,3.04,0.48,0.17,3.76,1649,6920,,98.24
725,44,Agnano 3,8,3,three,cf106_10,210110,4.19,0.53,18.40,59.42,8.65,2.36,0.48,0.18,3.41,841,7337,,98.44
726,44,Agnano 3,8,3,three,cf106_4,210110,3.75,0.32,19.20,60.41,9.43,2.09,0.38,0.14,2.21,834,4784,,98.49
727,44,Agnano 3,8,3,three,cf106_16,210110,3.66,1.14,18.51,57.88,8.32,3.44,0.57,0.11,4.05,2685,6367,,98.58
728,44,Agnano 3,8,3,three,cf106_8,210110,4.22,0.62,18.43,59.52,8.56,2.43,0.47,0.11,3.52,1170,7654,,98.77
729,44,Agnano 3,8,3,three,cf106_9,210110,4.47,0.63,18.62,59.58,8.44,2.42,0.48,0.08,3.53,1231,7644,,99.14
730,44,Agnano 3,8,3,three,cf106_2,210110,4.37,0.63,18.62,59.70,8.49,2.40,0.46,0.13,3.59,806,6960,,99.17
731,43,Capo Miseno,0,0,three,cf92_13,200110,4.20,0.63,18.52,57.37,8.70,2.41,0.45,0.05,3.25,1130,7007,,96.41
732,43,Capo Miseno,0,0,three,cf92_4,200110,4.08,0.59,18.34,57.79,8.90,2.36,0.45,0.14,3.40,903,6836,,96.83
733,43,Capo Miseno,0,0,three,cf92_8,200110,3.77,0.58,18.42,58.14,8.98,2.56,0.46,0.10,3.17,1286,6636,,96.97
734,43,Capo Miseno,0,0,three,cf92_3,200110,3.95,0.62,18.43,58.17,8.62,2.52,0.49,0.18,3.45,1018,6437,,97.18
735,43,Capo Miseno,0,0,three,cf92_12,200110,4.17,0.60,18.49,58.12,8.61,2.37,0.45,0.13,3.54,1084,5810,,97.18
736,43,Capo Miseno,0,0,three,cf92_1,200110,4.05,0.62,18.62,58.47,8.73,2.37,0.44,0.06,3.35,1343,6865,,97.55
737,43,Capo Miseno,0,0,three,cf92_6,200110,4.17,0.36,17.80,60.73,8.72,2.05,0.32,0.17,2.58,484,7067,,97.64
738,43,Capo Miseno,0,0,three,cf92_2,200110,4.46,0.59,18.62,58.35,8.57,2.43,0.43,0.23,3.42,884,6885,,97.87
739,43,Capo Miseno,0,0,three,cf92_7,200110,4.02,0.65,18.88,57.82,8.86,2.48,0.49,0.15,3.76,1375,6984,,97.94
740,43,Capo Miseno,0,0,three,cf92_5,200110,4.41,0.62,18.42,58.12,8.75,2.61,0.53,0.12,3.63,1037,7175,,98.04
741,43,Capo Miseno,0,0,three,cf92_14,200110,4.27,0.65,19.13,59.33,8.93,2.48,0.48,0.18,3.69,1182,6945,,99.96
742,43,Capo Miseno,0,0,three,cf92_11,200110,4.24,0.59,19.23,59.64,8.99,2.57,0.41,0.06,3.49,1295,6682,,100.02
743,42,Cigliano,0,0,three,67_20,190609,3.97,1.01,18.18,56.24,8.26,3.30,0.52,0.07,4.23,2716,7272,1215,96.90
744,42,Cigliano,0,0,three,67_19,190609,4.61,0.57,18.26,59.75,8.59,2.33,0.46,0.16,3.51,1332,7473,662,99.17
745,42,Cigliano,0,0,three,67_18,190609,4.28,0.70,18.13,58.96,8.74,2.71,0.58,0.14,3.77,1665,7567,401,98.97
746,42,Cigliano,0,0,three,67_16,190609,4.60,0.53,18.04,60.41,8.25,2.30,0.50,0.12,3.40,1072,7848,1116,99.17
747,42,Cigliano,0,0,three,67_15,190609,4.72,0.54,18.47,60.48,8.32,2.31,0.46,0.14,3.31,1074,7276,2511,99.83
748,42,Cigliano,0,0,three,67_14,190609,4.38,0.69,18.30,59.66,8.73,2.57,0.43,0.08,3.50,1121,6855,0,99.14
749,42,Cigliano,0,0,three,67_13,190609,4.34,0.63,18.26,59.29,8.73,2.40,0.55,0.19,3.45,1627,7758,707,98.86
750,42,Cigliano,0,0,three,67_12,190609,4.65,0.56,18.29,60.12,8.45,2.45,0.48,0.19,3.32,1470,7631,1647,99.57
751,42,Cigliano,0,0,three,67_11,190609,4.56,0.61,18.36,60.20,8.62,2.50,0.47,0.10,3.35,1234,7747,1155,99.78
752,42,Cigliano,0,0,three,67_10,190609,4.55,0.51,18.59,60.31,8.59,2.43,0.50,0.16,3.32,1043,7585,1136,99.94
753,42,Cigliano,0,0,three,67_9,190609,4.45,0.56,18.68,60.51,8.62,2.27,0.44,0.13,3.43,1594,6432,1131,100.02
754,42,Cigliano,0,0,three,67_8,190609,4.50,0.55,18.44,59.75,8.50,2.32,0.44,0.14,3.30,950,7594,1257,98.92
755,42,Cigliano,0,0,three,67_7,190609,4.61,0.58,18.64,59.97,8.50,2.24,0.50,0.11,3.63,1177,7344,1191,99.74
756,42,Cigliano,0,0,three,67_6,190609,4.65,0.54,18.20,59.96,8.36,2.46,0.46,0.11,3.56,1208,7949,2205,99.44
757,42,Cigliano,0,0,three,67_5,190609,4.57,0.68,18.50,59.50,8.15,2.60,0.48,0.14,3.64,2045,7393,1717,99.37
758,42,Cigliano,0,0,three,67_4,190609,4.52,0.64,18.30,59.34,8.27,2.53,0.50,0.16,3.75,1488,8015,897,99.04
759,42,Cigliano,0,0,three,67_3,190609,4.49,0.59,18.44,59.81,8.61,2.26,0.44,0.16,3.45,1264,7066,1021,99.17
760,42,Cigliano,0,0,three,67_2,190609,4.38,0.60,17.71,58.55,8.22,2.18,0.46,0.14,3.29,1280,7373,1380,96.54
761,42,Cigliano,0,0,three,67_1,190609,4.49,0.61,18.19,59.67,8.63,2.41,0.48,0.13,3.56,1141,7807,5,99.07
762,41,Averno 1,9,4,three,VF6-3-20,310509,4.16,0.74,18.12,58.65,8.44,2.70,0.49,0.17,3.65,,,,97.12
763,41,Averno 1,9,4,three,VF6-3-19,310509,3.45,1.12,17.23,55.70,8.06,3.46,0.48,0.07,4.17,,,,93.74
764,41,Averno 1,9,4,three,VF6-3-18,310509,4.37,0.63,18.09,59.01,8.58,2.34,0.46,0.13,3.43,,,,97.05
765,41,Averno 1,9,4,three,VF6-3-17,310509,4.44,0.62,18.07,59.65,8.30,2.35,0.44,0.09,3.30,,,,97.26
766,41,Averno 1,9,4,three,VF6-3-16,310509,4.57,0.83,17.98,59.02,8.08,2.84,0.51,0.16,3.56,,,,97.54
767,41,Averno 1,9,4,three,VF6-3-15,310509,3.69,1.04,18.15,58.09,8.48,3.45,0.47,0.10,4.35,,,,97.82
768,41,Averno 1,9,4,three,VF6-3-14,310509,4.48,0.62,17.75,59.78,8.29,2.21,0.45,0.13,3.24,,,,96.93
769,41,Averno 1,9,4,three,VF6-3-12,310509,4.22,0.62,17.73,59.51,8.11,2.29,0.44,0.17,3.20,,,,96.28
770,41,Averno 1,9,4,three,VF6-3-11,310509,3.42,1.02,17.10,55.33,7.93,3.05,0.47,0.14,4.07,,,,92.54
771,41,Averno 1,9,4,three,VF6-3-10,310509,4.67,0.58,18.20,60.04,8.41,2.31,0.48,0.14,3.12,,,,97.95
772,41,Averno 1,9,4,three,VF6-3-9,310509,4.59,0.88,18.31,58.44,8.31,2.75,0.47,0.16,3.96,,,,97.87
773,41,Averno 1,9,4,three,VF6-3-8,310509,3.88,0.98,18.28,58.88,8.40,3.19,0.55,0.12,4.32,,,,98.61
774,41,Averno 1,9,4,three,VF6-3-7,310509,4.34,0.60,18.32,60.34,8.38,2.35,0.46,0.07,3.30,,,,98.18
775,41,Averno 1,9,4,three,VF6-3-6,310509,4.50,0.79,18.43,59.37,8.54,2.67,0.40,0.16,3.75,,,,98.62
776,41,Averno 1,9,4,three,VF6-3-5,310509,4.06,0.71,18.32,59.79,8.29,2.59,0.45,0.14,3.84,,,,98.19
777,41,Averno 1,9,4,three,VF6-3-4,310509,4.30,0.61,17.64,59.15,8.24,2.31,0.41,0.13,3.28,,,,96.07
778,41,Averno 1,9,4,three,VF6-3-3,310509,4.26,0.91,18.22,58.24,8.40,2.92,0.49,0.15,3.96,,,,97.55
779,40,Agnano 2,0,3,three,CF108_11,070710,4.70,0.59,18.07,59.47,7.78,2.31,0.48,0.18,3.33,1326,8466,,97.89
780,40,Agnano 2,0,3,three,CF108_12,070710,4.54,0.58,18.51,60.19,8.15,2.28,0.40,0.22,3.28,568,8031,,99.01
781,40,Agnano 2,0,3,three,CF108_13,070710,4.97,0.54,18.17,59.99,8.05,2.27,0.45,0.13,3.32,794,8117,,98.77
782,40,Agnano 2,0,3,three,CF108_14,070710,4.43,0.42,18.70,60.94,8.32,2.43,0.42,0.11,2.53,1224,6091,,99.04
783,40,Agnano 2,0,3,three,CF108_15,070710,4.77,0.58,18.49,60.27,7.73,2.46,0.49,0.09,3.47,981,7257,,99.17
784,40,Agnano 2,0,3,three,CF108_2,070710,4.94,0.56,18.09,59.13,8.01,2.26,0.55,0.20,3.97,901,8814,,98.69
785,40,Agnano 2,0,3,three,CF108_3,070710,4.17,0.69,18.08,59.57,8.37,2.55,0.49,0.18,3.47,1651,7107,,98.44
786,40,Agnano 2,0,3,three,CF108_5,070710,4.81,0.52,18.46,60.24,8.13,2.19,0.46,0.18,3.54,884,8343,,99.45
787,40,Agnano 2,0,3,three,CF108_6,070710,4.42,0.70,17.97,58.92,8.39,2.22,0.42,0.18,3.44,1519,6865,,97.50
788,40,Agnano 2,0,3,three,CF108_7,070710,4.67,0.58,18.07,60.05,7.85,2.17,0.53,0.19,3.60,873,8220,,98.62
789,40,Agnano 2,0,3,three,CF108_9,070710,4.73,0.57,18.50,60.17,8.02,2.54,0.48,0.15,3.26,1477,7605,,99.33
790,39,Agnano 1,0,3,three,CF113_1,070710,3.98,0.78,18.38,58.35,8.31,2.80,0.57,0.19,3.90,1879,6521,,98.10
791,39,Agnano 1,0,3,three,CF113_10,070710,4.19,0.92,18.73,58.73,8.35,3.25,0.50,0.13,3.97,2787,6177,,99.67
792,39,Agnano 1,0,3,three,CF113_11,070710,3.55,1.06,18.40,58.43,8.51,3.19,0.47,0.16,4.55,2142,6339,,99.17
793,39,Agnano 1,0,3,three,CF113_15,070710,4.21,0.77,18.32,58.51,8.20,2.54,0.50,0.10,3.91,1683,6963,,97.92
794,39,Agnano 1,0,3,three,CF113_2,070710,4.20,0.79,18.59,59.45,8.25,2.70,0.50,0.16,3.76,2847,6747,,99.35
795,39,Agnano 1,0,3,three,CF113_3,070710,3.76,1.13,18.40,57.52,8.22,3.45,0.46,0.16,4.61,2671,6619,,98.63
796,39,Agnano 1,0,3,three,CF113_4,070710,4.02,0.85,18.26,58.93,8.37,2.69,0.49,0.09,4.08,2110,6024,,98.57
797,39,Agnano 1,0,3,three,CF113_6,070710,4.15,0.74,18.55,58.61,8.48,2.53,0.54,0.16,3.95,1815,7139,,98.61
798,39,Agnano 1,0,3,three,CF113_7,070710,4.35,0.77,18.36,58.78,8.44,2.92,0.50,0.14,3.84,1598,6888,,98.95
799,39,Agnano 1,0,3,three,CF113_9,070710,3.52,1.07,17.75,55.92,7.85,3.55,0.57,0.15,4.56,2824,6321,,95.85
800,37,St Martino,0,0,two,cf99_1,210110,4.29,0.52,17.51,56.78,8.32,2.27,0.37,0.22,3.26,948,6946,,94.34
801,37,St Martino,0,0,two,cf99_15,210110,4.52,0.53,17.02,57.33,8.32,2.33,0.41,0.19,3.31,755,7296,,94.77
802,37,St Martino,0,0,two,cf99_4,210110,4.12,0.52,17.53,57.97,8.37,2.28,0.38,0.11,3.04,1285,6790,,95.13
803,37,St Martino,0,0,two,cf99_6,210110,3.98,0.49,17.03,58.58,8.46,2.38,0.43,0.19,3.08,924,7698,,95.49
804,37,St Martino,0,0,two,cf99_5,210110,4.00,0.48,17.59,58.19,8.51,2.30,0.35,0.21,3.14,841,6944,,95.55
805,37,St Martino,0,0,two,cf99_3,210110,4.05,0.54,17.68,58.27,8.66,2.37,0.44,0.17,3.23,1209,8103,,96.36
806,37,St Martino,0,0,two,cf99_8,210110,4.21,0.54,17.87,58.93,8.48,2.32,0.38,0.18,3.05,1336,7510,,96.84
807,37,St Martino,0,0,two,cf99_13,210110,4.20,0.55,17.85,59.35,8.27,2.34,0.43,0.11,2.96,1201,7252,,96.90
808,37,St Martino,0,0,two,cf99_10,210110,3.82,0.63,17.73,58.38,8.78,2.49,0.44,0.11,3.63,1179,7951,,96.93
809,37,St Martino,0,0,two,cf99_7,210110,4.45,0.50,17.79,59.33,8.51,2.36,0.39,0.16,3.00,1082,7402,,97.34
810,37,St Martino,0,0,two,cf99_14,210110,4.00,0.54,18.10,60.05,8.62,2.48,0.43,0.16,3.12,1186,7276,,98.34
811,37,St Martino,0,0,two,cf99_9,210110,4.90,0.56,18.07,59.51,8.39,2.35,0.42,0.13,3.42,1130,8187,,98.67
812,37,St Martino,0,0,two,cf99_11,210110,4.51,0.57,18.26,60.38,8.87,2.33,0.40,0.10,3.18,847,8607,,99.55
813,36,Sartania 2,0,0,two,cf101_6,200110,4.46,0.57,18.12,60.22,8.50,2.24,0.41,0.18,3.00,979,8179,,98.61
814,36,Sartania 2,0,0,two,cf101_15,200110,4.25,0.56,18.55,59.75,8.56,2.42,0.42,0.12,3.52,866,8310,,99.07
815,36,Sartania 2,0,0,two,cf101_2,200110,4.36,0.55,18.62,60.51,8.30,2.18,0.40,0.15,3.53,994,8240,,99.51
816,36,Sartania 2,0,0,two,cf101_13,200110,4.39,0.55,18.63,60.37,8.37,2.49,0.42,0.18,3.33,990,7584,,99.58
817,36,Sartania 2,0,0,two,cf101_1,200110,4.65,0.58,18.72,60.70,8.20,2.22,0.41,0.21,3.30,1079,8633,,99.96
818,36,Sartania 2,0,0,two,cf101_12,200110,4.39,0.57,18.83,60.59,8.47,2.42,0.43,0.08,3.59,959,8346,,100.30
819,36,Sartania 2,0,0,two,cf101_7,200110,4.51,0.66,18.71,60.18,8.47,2.59,0.41,0.19,3.63,1220,8595,,100.34
820,36,Sartania 2,0,0,two,cf101_10,200110,4.22,0.51,18.63,61.53,8.39,2.33,0.48,0.25,3.17,1206,8334,,100.45
821,36,Sartania 2,0,0,two,cf101_8,200110,4.06,0.51,18.88,61.20,8.64,2.58,0.37,0.26,3.11,1088,7281,,100.45
822,36,Sartania 2,0,0,two,cf101_5,200110,4.60,0.55,18.51,61.15,8.47,2.34,0.44,0.26,3.68,1173,8465,,100.96
823,35,Pigna SNicola,10,2,two,cf103_6,200110,4.10,0.49,17.31,57.56,7.94,2.14,0.40,0.08,3.54,1281,7951,,94.48
824,35,Pigna SNicola,10,2,two,cf103_11,200110,4.07,0.51,17.59,57.74,8.02,2.18,0.40,0.14,2.98,879,8385,,94.56
825,35,Pigna SNicola,10,2,two,cf103_2,200110,4.38,0.53,17.89,58.17,8.08,2.25,0.42,0.20,3.13,718,8435,,95.97
826,35,Pigna SNicola,10,2,two,cf103_4,200110,4.05,0.48,18.12,58.92,8.44,2.39,0.42,0.10,3.08,1070,8173,,96.91
827,35,Pigna SNicola,10,2,two,cf103_7,200110,4.36,0.50,18.16,59.03,8.27,2.31,0.38,0.16,3.37,1082,7968,,97.46
828,35,Pigna SNicola,10,2,two,cf103_10,200110,4.33,0.51,18.20,59.53,8.34,2.25,0.39,0.17,3.32,744,8450,,97.95
829,35,Pigna SNicola,10,2,two,cf103_9,200110,4.58,0.47,18.33,59.92,8.43,2.23,0.43,0.18,3.40,985,8465,,98.92
830,35,Pigna SNicola,10,2,two,cf103_1,200110,4.55,0.48,18.48,60.49,8.21,2.25,0.34,0.11,3.19,667,8150,,98.98
831,35,Pigna SNicola,10,2,two,cf103_3,200110,4.22,0.43,18.95,60.79,8.39,2.34,0.34,0.16,2.86,636,7242,,99.26
832,35,Pigna SNicola,10,2,two,cf103_14,200110,4.45,0.50,18.29,60.52,8.32,2.26,0.41,0.17,3.40,1015,8573,,99.27
833,35,Pigna SNicola,10,2,two,cf103_13,200110,4.60,0.50,18.55,60.40,8.56,2.25,0.42,0.10,3.01,942,8823,,99.35
834,35,Pigna SNicola,10,2,two,cf103_12,200110,4.77,0.54,18.74,60.46,8.37,2.26,0.40,0.15,3.08,860,8745,,99.74
835,35,Pigna SNicola,10,2,two,cf103_15,200110,4.30,0.52,18.38,60.94,8.54,2.19,0.44,0.21,3.48,840,8224,,99.91
836,35,Pigna SNicola,10,2,two,CF103_21_1,130810,4.41,0.51,17.78,57.90,7.90,2.21,0.43,0.17,3.13,787,,,94.49
837,35,Pigna SNicola,10,2,two,CF103_23_2,130810,4.20,0.50,18.11,58.73,8.22,2.37,0.42,0.20,3.29,778,,,96.11
838,35,Pigna SNicola,10,2,two,CF103_25_3,130810,4.57,0.50,18.04,59.36,8.25,2.25,0.38,0.13,3.14,822,,,96.69
839,35,Pigna SNicola,10,2,two,CF103_27_4,130810,4.12,0.51,18.45,60.08,8.45,2.33,0.44,0.18,3.55,1080,,,98.21
840,35,Pigna SNicola,10,2,two,CF103_29_5,130810,4.13,0.45,18.32,60.35,8.39,2.29,0.41,0.17,3.43,823,,,98.02
841,35,Pigna SNicola,10,2,two,CF103_31_6,130810,4.32,0.44,18.44,60.97,8.56,2.33,0.38,0.17,3.43,1584,,,99.19
842,35,Pigna SNicola,10,2,two,CF103_33_7,130810,4.69,0.53,18.42,61.02,8.46,2.23,0.41,0.13,3.55,703,,,99.51
843,35,Pigna SNicola,10,2,two,CF103_33_8,130810,4.35,0.52,18.76,61.15,8.37,2.35,0.42,0.10,3.26,962,,,99.38
844,35,Pigna SNicola,10,2,two,CF103_37_9,130810,4.64,0.50,18.29,60.97,8.43,2.31,0.40,0.14,3.11,1165,,,98.90
845,35,Pigna SNicola,10,2,two,CF103_39_10,130810,4.63,0.50,18.46,60.66,8.37,2.35,0.41,0.14,3.49,1265,,,99.15
846,35,Pigna SNicola,10,2,two,CF103_41_11,130810,4.62,0.51,18.48,61.01,8.37,2.34,0.44,0.14,3.41,595,,,99.39
847,35,Pigna SNicola,10,2,two,CF103_43_12,130810,4.44,0.50,18.32,60.26,8.55,2.29,0.38,0.17,3.33,1456,,,98.37
848,35,Pigna SNicola,10,2,two,CF103_45_13,130810,4.67,0.48,18.76,60.96,8.29,2.29,0.41,0.08,3.46,982,,,99.50
849,35,Pigna SNicola,10,2,two,CF103_47_14,130810,4.34,0.50,18.49,60.41,8.45,2.37,0.34,0.12,3.45,820,,,98.54
850,35,Pigna SNicola,10,2,two,CF103_49_15,130810,4.31,0.51,18.48,60.75,8.46,2.36,0.39,0.14,3.36,1114,,,98.87
851,35,Pigna SNicola,10,2,two,CF103_51_16,130810,4.59,0.51,18.68,60.70,8.36,2.40,0.45,0.21,3.48,659,,,99.46
852,35,Pigna SNicola,10,2,two,CF103_53_17,130810,4.48,0.49,18.50,60.38,8.49,2.22,0.41,0.19,3.52,452,,,98.72
853,33,Sartania 1,0,2,two,cf100_10,190110,3.92,0.83,17.68,57.81,8.37,2.78,0.46,0.20,4.16,2114,7015,,97.13
854,33,Sartania 1,0,2,two,cf100_9,190110,4.13,0.86,17.66,58.56,8.44,2.84,0.49,0.14,3.68,1953,7529,,97.75
855,33,Sartania 1,0,2,two,cf100_13,200110,3.84,0.89,18.27,58.21,8.37,3.01,0.53,0.08,3.78,2008,6931,,97.87
856,33,Sartania 1,0,2,two,cf100_6,190110,3.65,0.80,18.02,58.52,8.63,2.99,0.44,0.21,3.89,1716,7674,,98.08
857,33,Sartania 1,0,2,two,cf100_1,190110,3.75,0.93,17.95,58.47,8.75,3.10,0.54,0.10,4.04,2071,7165,,98.55
858,33,Sartania 1,0,2,two,cf100_3,190110,3.78,0.79,18.26,58.56,8.50,3.05,0.54,0.07,4.28,1898,6758,,98.70
859,33,Sartania 1,0,2,two,cf100_4,190110,3.96,0.84,18.21,58.94,8.58,2.86,0.47,0.11,4.10,2462,7439,,99.05
860,33,Sartania 1,0,2,two,cf100_14,200110,3.85,0.90,18.47,58.69,8.74,3.14,0.52,0.13,3.96,2452,6460,,99.28
861,33,Sartania 1,0,2,two,cf100_5,190110,4.03,0.88,18.22,59.00,8.64,2.99,0.50,0.24,4.05,1950,7496,,99.49
862,32,Fondi di Baia,11,2,two,VF4?-1-20,300509,5.02,0.14,17.63,60.46,7.29,1.88,0.34,0.06,2.42,,,,95.23
863,32,Fondi di Baia,11,2,two,VF4?-1-19,300509,5.01,0.17,17.65,59.01,7.22,1.87,0.33,0.21,2.54,,,,94.01
864,32,Fondi di Baia,11,2,two,VF4?-1-15,300509,5.58,0.29,17.31,58.97,6.71,1.96,0.38,0.19,3.20,,,,94.58
865,32,Fondi di Baia,11,2,two,VF4?-1-14,300509,5.65,0.23,17.37,59.09,6.55,1.86,0.34,0.21,3.29,,,,94.60
866,32,Fondi di Baia,11,2,two,VF4?-1-13,300509,5.32,0.25,17.48,58.99,6.77,1.96,0.32,0.15,2.97,,,,94.21
867,32,Fondi di Baia,11,2,two,VF4?-1-12,300509,4.67,0.42,16.90,59.27,7.29,2.55,0.44,0.24,3.22,,,,94.98
868,32,Fondi di Baia,11,2,two,VF4?-1-11,300509,6.10,0.32,16.60,58.42,6.43,1.84,0.52,0.24,3.95,,,,94.42
869,32,Fondi di Baia,11,2,two,VF4?-1-8,300509,5.59,0.22,17.47,60.05,7.33,1.70,0.35,0.16,2.78,,,,95.64
870,32,Fondi di Baia,11,2,two,VF4?-1-7,300509,5.71,0.31,16.24,56.81,6.45,1.80,0.40,0.25,3.57,,,,91.55
871,32,Fondi di Baia,11,2,two,VF4?-1-6,300509,5.62,0.25,17.20,59.21,7.03,1.88,0.42,0.28,3.33,,,,95.21
872,32,Fondi di Baia,11,2,two,VF4?-1-4,300509,5.68,0.27,16.88,59.79,6.79,1.75,0.40,0.22,3.65,,,,95.44
873,32,Fondi di Baia,11,2,two,VF4?-1-3,300509,5.74,0.27,17.15,57.95,6.51,1.71,0.43,0.31,3.84,,,,93.92
874,32,Fondi di Baia,11,2,two,VF4?-1-2,300509,5.19,0.18,17.79,60.08,7.29,1.69,0.34,0.16,2.68,,,,95.42
875,32,Fondi di Baia,11,2,two,VF4?-1-1,300509,5.71,0.30,16.66,58.74,6.55,2.16,0.44,0.23,4.03,,,,94.82
876,32,Fondi di Baia,11,2,two,CF88b_1,011209,5.69,0.32,17.38,58.97,5.96,2.12,0.48,0.28,3.95,714,10535,3911,96.66
877,32,Fondi di Baia,11,2,two,CF88b_2,011209,5.64,0.31,18.04,59.07,6.44,2.01,0.45,0.26,3.56,468,9826,3265,97.13
878,32,Fondi di Baia,11,2,two,CF88b_3,011209,5.83,0.31,17.37,59.73,6.51,1.94,0.49,0.23,3.82,709,10313,2813,97.60
879,32,Fondi di Baia,11,2,two,CF88b_4,011209,5.93,0.32,17.59,60.16,6.36,1.99,0.44,0.16,3.83,747,10549,3089,98.21
880,32,Fondi di Baia,11,2,two,CF88b_5,011209,5.84,0.34,17.36,60.79,6.80,1.95,0.51,0.23,3.85,235,9935,2483,98.93
881,32,Fondi di Baia,11,2,two,CF88b_6,011209,4.62,0.21,17.58,60.74,7.99,1.99,0.46,0.15,3.30,434,7281,3194,98.13
882,32,Fondi di Baia,11,2,two,CF88b_9,011209,4.58,0.29,17.17,60.07,6.84,2.36,0.42,0.14,3.59,1313,7375,1829,96.52
883,32,Fondi di Baia,11,2,two,cf88g_12,230110,6.17,0.27,17.75,60.41,6.82,1.81,0.44,0.24,3.58,303,8749,,98.39
884,32,Fondi di Baia,11,2,two,cf88g_13,230110,6.14,0.31,17.14,58.98,6.27,1.82,0.43,0.20,3.73,376,10018,,96.05
885,32,Fondi di Baia,11,2,two,cf88g_14,230110,6.30,0.33,17.19,59.56,6.51,1.83,0.42,0.29,3.79,585,10303,,97.29
886,32,Fondi di Baia,11,2,two,cf88g_15,230110,6.21,0.30,16.87,58.35,6.54,1.78,0.40,0.28,3.81,339,9595,,95.52
887,32,Fondi di Baia,11,2,two,cf88g_16,230110,6.29,0.31,17.42,60.24,6.57,1.74,0.45,0.39,3.86,793,10045,,98.36
888,32,Fondi di Baia,11,2,two,cf88g_17,230110,6.64,0.26,17.52,60.57,6.44,1.63,0.39,0.22,3.87,568,10219,,98.63
889,32,Fondi di Baia,11,2,two,cf88g_18,230110,5.89,0.30,16.63,57.72,6.18,1.71,0.39,0.24,3.70,340,10127,,93.81
890,32,Fondi di Baia,11,2,two,cf88g_19,230110,5.68,0.20,17.70,61.06,6.88,1.97,0.39,0.20,2.93,283,7566,,97.79
891,32,Fondi di Baia,11,2,two,cf88g_20,230110,5.62,0.20,18.00,61.63,6.41,2.25,0.38,0.20,2.64,281,7063,,98.07
892,32,Fondi di Baia,11,2,two,cf88w_10,230110,5.37,0.21,16.84,57.89,6.84,1.91,0.39,0.17,2.87,600,11259,,93.67
893,32,Fondi di Baia,11,2,two,cf88w_2,230110,5.61,0.26,17.06,58.23,6.65,1.94,0.45,0.21,3.36,568,10290,,94.87
894,32,Fondi di Baia,11,2,two,cf88w_3,230110,5.31,0.26,16.88,59.75,6.84,2.00,0.49,0.23,3.36,555,8731,,96.05
895,32,Fondi di Baia,11,2,two,cf88w_4,230110,5.47,0.22,17.66,61.24,7.74,1.86,0.45,0.17,3.23,303,7982,,98.85
896,32,Fondi di Baia,11,2,two,cf88w_6,230110,5.83,0.29,17.25,59.92,6.99,1.85,0.41,0.16,3.59,378,9678,,97.30
897,32,Fondi di Baia,11,2,two,cf88w_7,230110,5.57,0.27,17.51,59.76,7.11,1.89,0.45,0.20,2.58,401,8114,,96.20
898,32,Fondi di Baia,11,2,two,cf88w_8,230110,5.26,0.24,18.06,60.86,7.30,1.95,0.42,0.22,2.61,720,8719,,97.87
899,32,Fondi di Baia,11,2,two,cf88w_9,230110,6.03,0.27,17.42,59.23,6.74,1.91,0.45,0.21,2.92,98,9720,,96.16
900,32,Fondi di Baia,11,2,two,CF88_w_1,281109,5.66,0.25,17.15,59.65,6.28,1.94,0.39,0.23,3.27,302,8864,2086,95.95
901,32,Fondi di Baia,11,2,two,CF88_w_10,281109,6.10,0.22,16.89,60.11,6.90,1.98,0.42,0.20,2.90,587,9024,1058,96.80
902,32,Fondi di Baia,11,2,two,CF88_w_11,281109,5.31,0.25,16.67,60.02,6.75,1.99,0.41,0.16,2.83,274,8904,2556,95.56
903,32,Fondi di Baia,11,2,two,CF88_w_12,281109,5.36,0.20,16.34,59.69,7.09,1.99,0.37,0.23,2.67,327,7135,2220,94.92
904,32,Fondi di Baia,11,2,two,CF88_w_2,281109,5.87,0.16,17.71,61.71,6.62,2.32,0.35,0.17,2.37,428,5971,1208,98.04
905,32,Fondi di Baia,11,2,two,CF88_w_5,281109,5.18,0.27,17.16,59.87,6.62,1.98,0.47,0.23,3.45,517,9401,3338,96.54
906,32,Fondi di Baia,11,2,two,CF88_w_6,281109,5.65,0.26,16.79,59.52,6.65,1.98,0.43,0.14,2.99,80,9108,2038,95.53
907,32,Fondi di Baia,11,2,two,CF88_w_9,281109,5.52,0.25,16.44,59.23,6.64,1.97,0.36,0.20,3.05,448,8765,2791,94.86
908,32,Fondi di Baia,11,2,two,cf85_1,150809,4.58,0.22,17.73,60.05,6.60,1.77,0.34,0.13,3.11,,,,94.53
909,32,Fondi di Baia,11,2,two,cf85_2,150809,4.94,0.20,17.61,61.40,6.99,1.89,0.37,0.22,3.00,,,,96.62
910,32,Fondi di Baia,11,2,two,cf85_4,150809,5.24,0.25,17.48,60.13,6.87,1.93,0.36,0.15,2.99,,,,95.41
911,32,Fondi di Baia,11,2,two,cf85_5,150809,4.38,0.18,16.95,60.21,6.84,1.84,0.43,0.24,3.23,,,,94.31
912,32,Fondi di Baia,11,2,two,cf85_6,150809,5.58,0.22,18.38,62.34,7.30,1.92,0.40,0.15,3.19,,,,99.46
913,32,Fondi di Baia,11,2,two,cf85_7,150809,5.86,0.23,18.13,62.16,7.23,1.81,0.38,0.28,3.20,,,,99.28
914,32,Fondi di Baia,11,2,two,cf85_8,150809,5.30,0.17,18.47,61.15,6.89,1.79,0.35,0.12,2.97,,,,97.20
915,32,Fondi di Baia,11,2,two,VF?5-6-20,300509,4.69,0.33,17.31,57.52,7.35,1.59,0.33,0.15,2.78,,,,92.07
916,32,Fondi di Baia,11,2,two,VF?5-6-19,300509,5.74,0.25,17.59,60.43,6.86,1.78,0.37,0.25,3.15,,,,96.41
917,32,Fondi di Baia,11,2,two,VF?5-6-18,300509,5.94,0.26,17.36,58.85,6.96,1.77,0.37,0.18,3.20,,,,94.91
918,32,Fondi di Baia,11,2,two,VF?5-6-17,300509,5.99,0.26,17.06,58.99,6.69,1.76,0.41,0.27,3.39,,,,94.83
919,32,Fondi di Baia,11,2,two,VF?5-6-15,300509,5.81,0.18,17.56,59.22,6.99,1.80,0.34,0.22,2.99,,,,95.12
920,32,Fondi di Baia,11,2,two,VF?5-6-13,300509,5.58,0.20,16.77,57.46,6.63,1.75,0.36,0.22,2.92,,,,91.90
921,32,Fondi di Baia,11,2,two,VF?5-6-12,300509,5.66,0.22,17.27,59.54,7.04,1.83,0.36,0.21,3.02,,,,95.15
922,32,Fondi di Baia,11,2,two,VF?5-6-11,300509,5.60,0.23,17.64,60.24,7.08,1.84,0.33,0.16,2.93,,,,96.06
923,32,Fondi di Baia,11,2,two,VF?5-6-10,300509,5.70,0.28,17.83,60.36,6.93,1.79,0.36,0.15,3.08,,,,96.47
924,32,Fondi di Baia,11,2,two,VF?5-6-9,300509,5.94,0.24,16.66,57.84,6.53,1.64,0.36,0.14,3.32,,,,92.67
925,32,Fondi di Baia,11,2,two,VF?5-6-7,300509,5.77,0.22,17.88,60.54,7.15,1.78,0.38,0.22,3.26,,,,97.22
926,32,Fondi di Baia,11,2,two,VF?5-6-5,300509,5.52,0.22,17.39,59.09,6.86,1.79,0.33,0.16,3.14,,,,94.51
927,32,Fondi di Baia,11,2,two,VF?5-6-4,300509,5.56,0.22,17.55,59.27,6.92,1.72,0.35,0.20,3.07,,,,94.87
928,32,Fondi di Baia,11,2,two,VF?5-6-3,300509,5.97,0.24,17.48,59.44,6.86,1.83,0.36,0.24,3.15,,,,95.58
929,32,Fondi di Baia,11,2,two,VF?5-6-1,300509,4.84,0.24,17.05,58.15,6.87,1.76,0.30,0.23,2.90,,,,92.35
930,31,Bacoli,0,2,two,cf93_3,210110,3.38,0.55,17.99,55.51,9.48,2.81,0.40,0.15,3.29,1170,6937,,94.36
931,31,Bacoli,0,2,two,cf93_5,210110,3.32,0.60,18.41,55.76,9.58,2.82,0.47,0.14,3.29,1248,7366,,95.26
932,31,Bacoli,0,2,two,cf93_13,210110,5.04,0.31,18.07,57.74,7.91,1.99,0.40,0.17,2.75,164,8873,,95.28
933,31,Bacoli,0,2,two,cf93_4,210110,5.34,0.28,17.94,57.81,7.78,2.00,0.43,0.16,3.04,326,8533,,95.66
934,31,Bacoli,0,2,two,cf93_12,210110,5.05,0.27,18.11,58.46,7.75,1.95,0.43,0.19,2.78,331,8471,,95.87
935,31,Bacoli,0,2,two,cf93_14,210110,4.59,0.41,18.08,58.06,7.92,1.87,0.49,0.19,3.61,316,7926,,96.05
936,31,Bacoli,0,2,two,cf93_11,210110,3.85,0.55,18.40,57.01,9.37,2.82,0.41,0.10,3.49,978,6247,,96.73
937,31,Bacoli,0,2,two,cf93_2,210110,4.56,0.28,18.51,59.11,8.03,2.42,0.41,0.14,2.80,228,6625,,96.96
938,31,Bacoli,0,2,two,cf93_9,210110,3.82,0.58,18.79,57.50,9.61,2.79,0.43,0.16,3.53,1109,6515,,97.98
939,31,Bacoli,0,2,two,cf93_15,210110,3.91,0.51,18.67,58.10,9.82,2.70,0.46,0.12,3.51,992,7484,,98.65
940,31,Bacoli,0,2,two,cf93_8,210110,3.59,0.58,18.98,58.14,9.93,2.87,0.41,0.19,3.69,1178,6715,,99.16
941,31,Bacoli,0,2,two,cf93_7,210110,3.90,0.55,18.93,58.83,9.78,2.98,0.46,0.13,3.55,1249,7152,,99.95
942,31,Bacoli,0,2,two,cf93_10,210110,5.20,0.34,19.14,60.12,8.54,2.40,0.45,0.24,3.05,775,7802,,100.33
943,30,Casale,0,3,one,cf112_8,190110,3.61,0.64,17.22,58.51,8.61,2.59,0.38,0.08,3.53,1478,6953,,96.00
944,30,Casale,0,3,one,cf112_9,190110,3.81,0.64,17.50,58.92,8.66,2.53,0.39,0.15,3.60,1402,6660,,97.01
945,30,Casale,0,3,one,cf112_13,190110,3.70,0.66,17.59,58.89,8.76,2.64,0.42,0.16,3.48,1017,7134,,97.12
946,30,Casale,0,3,one,cf112_14,190110,3.80,0.60,17.73,59.53,8.75,2.50,0.38,0.10,3.20,1440,6921,,97.43
947,30,Casale,0,3,one,cf112_2,190110,3.72,0.64,17.74,60.11,8.63,2.57,0.41,0.15,3.61,1589,6952,,98.43
948,30,Casale,0,3,one,cf112_1,190110,3.91,0.70,17.88,59.95,8.80,2.51,0.38,0.16,3.90,1310,6958,,99.02
949,30,Casale,0,3,one,cf112_10,190110,4.18,0.63,17.82,60.26,8.97,2.54,0.40,0.13,3.40,1447,6748,,99.13
950,30,Casale,0,3,one,cf112_5,190110,3.76,0.65,17.90,60.54,9.00,2.65,0.36,0.07,3.68,1236,6579,,99.40
951,30,Casale,0,3,one,cf112_4,190110,3.69,0.63,18.29,60.43,8.84,2.67,0.41,0.07,3.62,1272,6571,,99.42
952,30,Casale,0,3,one,cf112_11,190110,3.90,0.63,18.14,60.19,8.98,2.62,0.44,0.16,3.58,1102,6891,,99.43
953,30,Casale,0,3,one,cf112_3,190110,4.06,0.68,18.04,60.48,8.85,2.61,0.38,0.17,3.62,1353,7274,,99.77
954,30,Casale,0,3,one,cf112_12,190110,4.03,0.72,18.11,60.60,8.70,2.64,0.41,0.16,3.64,998,7270,,99.83
955,30,Casale,0,3,one,cf112_7,190110,4.21,0.89,17.85,60.04,8.65,2.68,0.47,0.10,4.16,1713,6219,,99.84
956,29,Pisani 3,0,3,one,CF28_1,130809,3.42,1.25,17.97,57.47,8.28,3.44,0.61,0.08,4.77,,,,97.30
957,29,Pisani 3,0,3,one,CF28_2,130809,3.48,1.24,18.27,57.90,8.33,3.46,0.62,0.14,4.86,,,,98.29
958,29,Pisani 3,0,3,one,CF28_3,130809,3.42,1.38,18.17,57.16,8.28,3.80,0.69,0.12,5.07,,,,98.09
959,29,Pisani 3,0,3,one,CF28_5,130809,3.26,1.62,18.47,56.06,8.09,3.88,0.66,0.22,5.56,,,,97.83
960,29,Pisani 3,0,3,one,CF28_6,130809,3.61,1.18,18.55,57.03,8.59,3.34,0.61,0.14,5.23,,,,98.26
961,29,Pisani 3,0,3,one,CF28_7,130809,3.21,1.35,18.33,56.39,8.23,3.79,0.73,0.11,5.28,,,,97.42
962,29,Pisani 3,0,3,one,CF28_8,130809,2.90,1.43,18.44,55.53,8.23,3.87,0.60,0.17,5.36,,,,96.53
963,29,Pisani 3,0,3,one,vf28-2,240709,3.12,1.18,17.74,57.53,8.23,3.13,0.52,0.10,4.54,,,,96.08
964,29,Pisani 3,0,3,one,vf28-3,240709,3.40,1.45,17.95,56.77,7.94,3.82,0.68,0.16,4.89,,,,97.06
965,29,Pisani 3,0,3,one,vf28-4,240709,3.50,1.22,17.98,57.17,8.22,3.36,0.69,0.15,4.86,,,,97.15
966,29,Pisani 3,0,3,one,vf28-5,240709,3.66,1.20,17.96,58.02,8.36,3.38,0.55,0.16,5.05,,,,98.33
967,29,Pisani 3,0,3,one,vf28-6,240709,3.48,1.21,18.06,57.71,8.46,3.28,0.57,0.14,4.73,,,,97.63
968,29,Pisani 3,0,3,one,vf28-7,240709,3.60,1.25,17.96,57.87,8.47,3.31,0.55,0.15,4.62,,,,97.77
969,29,Pisani 3,0,3,one,vf28-9,240709,3.17,1.27,17.94,57.95,8.41,3.38,0.57,0.17,4.65,,,,97.51
970,29,Pisani 3,0,3,one,vf28-10,240709,3.78,1.26,18.62,57.92,8.25,3.44,0.62,0.20,4.78,,,,98.87
971,29,Pisani 3,0,3,one,vf28-11,240709,3.37,1.28,18.02,56.91,8.32,3.40,0.57,0.13,4.81,,,,96.82
972,29,Pisani 3,0,3,one,vf28-12,240709,3.51,1.21,18.43,57.79,8.40,3.34,0.57,0.09,4.57,,,,97.91
973,29,Pisani 3,0,3,one,vf28-13,240709,3.67,1.12,18.56,58.77,8.24,3.53,0.53,0.16,4.47,,,,99.04
974,29,Pisani 3,0,3,one,vf28-14,240709,3.40,0.98,17.32,54.97,7.89,3.28,0.40,0.07,4.20,,,,92.51
975,29,Pisani 3,0,3,one,vf28-15,240709,3.62,1.18,18.27,57.80,8.55,3.23,0.57,0.14,4.62,,,,97.97
976,29,Pisani 3,0,3,one,vf28-16,240709,3.19,1.72,18.20,56.41,7.96,4.33,0.69,0.12,5.42,,,,98.04
977,29,Pisani 3,0,3,one,vf28-17,240709,3.37,1.17,18.36,57.81,8.31,3.50,0.61,0.09,4.61,,,,97.83
978,29,Pisani 3,0,3,one,vf28-18,240709,3.60,1.13,18.19,57.96,8.74,3.09,0.57,0.18,4.65,,,,98.09
979,29,Pisani 3,0,3,one,vf28-19,240709,3.59,1.15,17.94,58.16,8.44,3.09,0.56,0.15,4.36,,,,97.44
980,29,Pisani 3,0,3,one,vf28-20,240709,3.62,1.11,18.14,58.49,8.57,3.03,0.51,0.10,4.39,,,,97.95
981,29,Pisani 3,0,3,one,vf28-21,240709,3.34,1.17,18.01,57.60,8.31,3.18,0.52,0.17,4.56,,,,96.87
982,29,Pisani 3,0,3,one,vf28-22,240709,3.45,1.26,18.12,57.46,8.25,3.47,0.64,0.14,4.85,,,,97.65
983,29,Pisani 3,0,3,one,vf28-23,240709,3.25,1.64,18.34,56.35,7.52,4.43,0.70,0.16,5.73,,,,98.12
984,29,Pisani 3,0,3,one,cf28_1,301009,3.57,1.19,18.10,57.09,8.41,3.37,0.60,0.15,4.81,2755,6165,0,98.18
985,29,Pisani 3,0,3,one,cf28_2,301009,3.55,1.17,17.95,57.33,8.46,3.32,0.63,0.16,4.62,2788,6210,1381,98.23
986,29,Pisani 3,0,3,one,cf28_3,301009,3.33,1.28,18.16,57.10,8.50,3.36,0.60,0.14,4.99,3047,6283,1416,98.53
987,29,Pisani 3,0,3,one,cf28_4,301009,3.56,1.19,18.53,56.67,8.56,3.33,0.66,0.10,4.82,3075,5888,2641,98.58
988,29,Pisani 3,0,3,one,cf28_5,301009,3.51,1.11,18.24,57.07,8.72,3.32,0.54,0.11,4.36,3243,6216,1697,98.09
989,29,Pisani 3,0,3,one,cf28_7,301009,3.53,1.31,18.08,56.84,8.45,3.44,0.59,0.13,5.06,3255,6034,0,98.36
990,29,Pisani 3,0,3,one,cf28_9,301009,3.43,1.53,17.86,56.56,8.15,4.08,0.75,0.12,5.34,3872,5992,231,98.82
991,29,Pisani 3,0,3,one,cf28_10,301009,3.44,1.42,18.15,56.73,8.38,3.71,0.64,0.20,4.95,3456,5803,324,98.58
992,29,Pisani 3,0,3,one,cf28_11,301009,3.55,1.37,18.29,56.19,8.32,3.70,0.69,0.20,5.25,3304,5780,877,98.56
993,29,Pisani 3,0,3,one,cf28_12,301009,3.42,1.06,18.22,58.14,8.57,3.06,0.51,0.11,4.45,2557,6021,482,98.44
994,29,Pisani 3,0,3,one,cf28_13,301009,3.68,1.11,18.15,57.36,8.61,3.24,0.58,0.12,4.59,3393,6229,1376,98.54
995,29,Pisani 3,0,3,one,cf28_14,301009,3.21,1.65,18.12,55.29,7.69,4.41,0.69,0.08,5.56,4030,5493,0,97.66
996,29,Pisani 3,0,3,one,cf28_15,301009,3.11,1.82,18.06,54.67,7.50,4.83,0.72,0.20,5.94,4665,5957,848,98.00
997,29,Pisani 3,0,3,one,cf28_16,301009,3.41,1.25,18.27,57.17,8.57,3.38,0.63,0.16,4.75,2260,5932,2917,98.70
998,27,M Spaccata,0,3,one,cf98_5,210110,3.21,1.44,17.94,56.30,8.27,3.68,0.61,0.07,4.80,3063,5431,,97.18
999,27,M Spaccata,0,3,one,cf98_8,210110,3.01,1.71,18.13,54.49,8.10,4.40,0.70,0.16,5.56,4197,6223,,97.30
1000,27,M Spaccata,0,3,one,cf98_3,210110,3.09,1.53,18.06,55.86,8.42,3.94,0.68,0.16,4.97,4401,5272,,97.68
1001,27,M Spaccata,0,3,one,cf98_14,210110,3.01,2.03,17.86,54.86,7.81,4.72,0.76,0.14,6.03,4426,5429,,98.21
1002,27,M Spaccata,0,3,one,cf98_11,210110,2.99,1.89,18.01,55.21,7.77,4.70,0.75,0.15,5.96,4680,5437,,98.45
1003,27,M Spaccata,0,3,one,cf98_6,210110,3.05,1.85,18.04,55.53,7.80,4.69,0.79,0.15,5.56,4633,5257,,98.46
1004,27,M Spaccata,0,3,one,cf98_13,210110,3.21,1.83,18.16,55.28,7.33,4.95,0.79,0.13,5.98,4332,5469,,98.64
1005,27,M Spaccata,0,3,one,cf98_7,210110,3.18,1.79,18.11,55.51,7.83,4.70,0.76,0.14,5.73,4366,5282,,98.73
1006,27,M Spaccata,0,3,one,cf98_4,210110,3.03,1.56,18.32,56.33,8.21,4.07,0.65,0.14,5.54,3672,5129,,98.73
1007,27,M Spaccata,0,3,one,cf98_12,210110,3.06,1.59,18.08,56.39,8.21,4.08,0.69,0.16,5.60,3797,5612,,98.81
1008,27,M Spaccata,0,3,one,cf98_2,210110,3.10,1.85,18.13,55.16,7.97,4.73,0.82,0.08,6.07,4214,5589,,98.89
1009,27,M Spaccata,0,3,one,cf98_10,210110,3.28,1.83,18.08,55.97,7.98,4.54,0.75,0.16,5.57,4136,5721,,99.15
1010,27,M Spaccata,0,3,one,cf98_9,210110,2.98,1.45,18.40,57.54,8.63,3.80,0.62,0.22,5.22,3380,5355,,99.74
1011,24,Pisani 2,12,3,one,16_21,180609,2.88,2.61,17.34,53.52,7.31,6.16,0.83,0.14,6.83,6345,5350,382,98.84
1012,24,Pisani 2,12,3,one,16_20,180609,2.86,2.51,17.36,53.48,7.08,6.06,0.85,0.10,6.88,6554,5580,142,98.40
1013,24,Pisani 2,12,3,one,16_19,180609,2.80,2.55,17.23,53.73,7.27,6.05,0.81,0.12,6.69,6952,5693,1815,98.69
1014,24,Pisani 2,12,3,one,16_18,180609,2.99,2.69,17.46,53.63,7.29,5.93,0.89,0.18,6.66,6464,5103,1974,99.06
1015,24,Pisani 2,12,3,one,16_17,180609,2.78,2.46,17.29,53.37,7.25,5.97,0.84,0.17,6.94,6253,5409,899,98.33
1016,24,Pisani 2,12,3,one,16_16,180609,3.50,1.10,17.62,57.85,8.77,3.01,0.58,0.16,4.53,2584,6355,1438,98.17
1017,24,Pisani 2,12,3,one,16_14,180609,3.11,2.35,17.52,53.75,7.33,5.70,0.82,0.11,6.61,6075,5455,1101,98.58
1018,24,Pisani 2,12,3,one,16_13,180609,3.01,2.58,17.22,53.21,7.12,6.05,0.82,0.12,6.74,6488,5541,1816,98.25
1019,24,Pisani 2,12,3,one,16_12,180609,2.85,2.32,17.58,53.83,7.46,5.48,0.85,0.16,6.22,5975,5408,318,97.91
1020,24,Pisani 2,12,3,one,16_11,180609,2.77,2.55,17.45,53.31,7.41,6.02,0.95,0.12,6.99,6124,5333,1315,98.84
1021,24,Pisani 2,12,3,one,16_10,180609,3.10,2.45,17.41,53.49,7.49,6.01,0.84,0.04,6.49,6283,5392,854,98.58
1022,24,Pisani 2,12,3,one,16_9,180609,2.77,2.55,17.44,53.30,7.11,5.97,0.78,0.12,6.71,6570,5543,177,97.98
1023,24,Pisani 2,12,3,one,16_8,180609,3.26,2.16,17.32,54.57,7.00,5.55,0.79,0.20,6.29,5624,6256,937,98.41
1024,24,Pisani 2,12,3,one,16_7,180609,2.69,2.51,17.23,53.21,7.38,5.79,0.94,0.09,6.48,5822,5534,1108,97.58
1025,24,Pisani 2,12,3,one,16_6,180609,3.35,1.46,18.08,55.79,8.04,4.21,0.69,0.12,5.16,3695,5975,563,97.91
1026,24,Pisani 2,12,3,one,16_5,180609,2.77,2.44,17.70,53.48,7.27,6.00,0.85,0.11,6.71,6590,5235,1110,98.63
1027,24,Pisani 2,12,3,one,16_4,180609,3.36,1.36,18.01,57.48,8.57,3.73,0.62,0.11,5.23,3897,6203,809,99.58
1028,24,Pisani 2,12,3,one,16_3,180609,3.45,1.40,18.05,56.75,8.56,3.82,0.70,0.17,5.39,3721,6284,303,99.33
1029,24,Pisani 2,12,3,one,16_2,180609,2.87,2.64,17.20,53.47,7.18,6.21,0.89,0.10,6.88,6412,6125,827,98.78
1030,24,Pisani 2,12,3,one,16_1,180609,2.71,2.50,17.70,53.61,7.39,6.06,0.85,0.13,6.83,6815,5672,1538,99.18
1031,24,Pisani 2,12,3,one,CF26_55_18,130810,3.09,1.93,18.27,55.62,7.80,4.76,0.78,0.17,5.91,4533,,,98.79
1032,24,Pisani 2,12,3,one,CF26_57_19,130810,3.18,1.09,18.37,58.46,8.65,3.16,0.50,0.04,4.68,2337,,,98.36
1033,24,Pisani 2,12,3,one,CF26_59_20,130810,3.21,1.81,18.10,56.48,7.93,4.41,0.81,0.11,5.96,2832,,,99.11
1034,24,Pisani 2,12,3,one,CF26_61_21,130810,3.06,1.72,18.04,55.54,7.90,4.47,0.69,0.18,5.71,3566,,,97.65
1035,24,Pisani 2,12,3,one,CF26_63_22,130810,2.60,1.41,15.15,47.42,6.49,3.68,0.60,0.17,4.89,2815,,,82.70
1036,24,Pisani 2,12,3,one,CF26_65_23,130810,3.06,1.90,18.14,55.84,7.77,4.54,0.68,0.18,6.10,3834,,,98.58
1037,24,Pisani 2,12,3,one,CF26_67_24,130810,3.27,1.40,18.35,57.68,8.64,3.59,0.66,0.12,4.95,3156,,,98.97
1038,24,Pisani 2,12,3,one,CF26_69_25,130810,2.59,0.86,17.92,57.23,9.26,2.77,0.44,0.13,3.55,1319,,,94.88
1039,24,Pisani 2,12,3,one,CF26_71_26,130810,3.27,1.69,18.27,56.22,7.71,4.44,0.74,0.15,5.93,4356,,,98.85
1040,24,Pisani 2,12,3,one,CF26_73_27,130810,3.29,1.89,18.23,55.65,7.73,4.81,0.80,0.12,6.09,3910,,,98.98
1041,24,Pisani 2,12,3,one,CF26_75_28,130810,3.12,1.66,18.41,56.47,8.17,4.35,0.77,0.12,5.43,3897,,,98.89
1042,24,Pisani 2,12,3,one,CF26_77_29,130810,3.38,1.43,18.50,57.72,8.56,3.56,0.62,0.07,5.24,2971,,,99.39
1043,24,Pisani 2,12,3,one,CF26_79_30,130810,3.17,1.65,18.35,56.49,8.04,4.06,0.70,0.17,5.68,3631,,,98.66
1044,24,Pisani 2,12,3,one,CF26_81_1,130810,3.35,1.57,18.31,57.06,8.17,3.99,0.70,0.20,5.51,2918,,,99.16
1045,24,Pisani 2,12,3,one,CF26_87_4,130810,3.14,1.62,18.10,56.85,8.13,4.03,0.69,0.15,5.73,3344,,,98.78
1046,23,Pisani 1,13,3,one,25b_9,190609,3.43,1.89,18.19,54.98,7.32,4.85,0.69,0.13,6.21,5543,5720,354,98.85
1047,23,Pisani 1,13,3,one,25b_8,190609,3.31,1.83,18.09,55.26,7.68,4.78,0.66,0.17,5.73,5194,6393,2064,98.87
1048,23,Pisani 1,13,3,one,25b_7,190609,3.23,1.77,18.08,55.84,7.69,4.83,0.66,0.10,6.09,5289,6036,1616,99.57
1049,23,Pisani 1,13,3,one,25b_6,190609,3.55,1.59,18.14,56.03,8.03,4.34,0.65,0.15,5.83,3786,5924,842,99.35
1050,23,Pisani 1,13,3,one,25b_5,190609,3.43,1.66,18.15,54.97,7.81,4.62,0.65,0.09,5.54,4398,6044,1312,98.08
1051,23,Pisani 1,13,3,one,25b_3,190609,3.68,1.73,18.03,54.15,7.23,4.63,0.73,0.17,6.36,4797,6046,384,97.83
1052,23,Pisani 1,13,3,one,25b_1,190609,3.32,1.85,17.96,55.00,6.98,5.14,0.67,0.18,6.17,5088,6286,391,98.46
1053,23,Pisani 1,13,3,one,25a_18,190609,2.86,1.89,16.93,51.02,6.65,4.95,0.69,0.18,5.85,5075,6674,584,92.25
1054,23,Pisani 1,13,3,one,25a_17,190609,3.16,1.90,17.73,53.18,7.55,4.97,0.70,0.17,5.97,4863,5558,308,96.39
1055,23,Pisani 1,13,3,one,25a_16,190609,3.02,2.09,18.09,54.35,6.96,5.30,0.78,0.20,6.20,5401,5026,1021,98.12
1056,23,Pisani 1,13,3,one,25a_15,190609,2.79,1.82,17.93,55.23,7.71,5.01,0.63,0.13,6.25,4388,5780,708,98.59
1057,23,Pisani 1,13,3,one,25a_14,190609,2.79,2.24,17.90,53.73,6.99,5.56,0.78,0.12,6.75,5920,4937,938,98.04
1058,23,Pisani 1,13,3,one,25a_13,190609,3.25,2.07,18.28,54.71,7.48,5.33,0.64,0.13,6.63,5841,5061,487,99.66
1059,23,Pisani 1,13,3,one,25a_12,190609,3.10,2.29,18.01,53.72,7.12,5.50,0.72,0.15,7.11,6068,4775,1896,98.99
1060,23,Pisani 1,13,3,one,25a_11,190609,3.17,2.13,17.84,53.48,7.12,5.27,0.73,0.14,6.69,5695,5655,707,97.77
1061,23,Pisani 1,13,3,one,25a_10,190609,3.00,2.20,17.94,53.85,6.98,5.75,0.81,0.14,6.75,5818,5478,0,98.55
1062,23,Pisani 1,13,3,one,25a_9,190609,2.98,1.98,17.92,54.36,7.21,5.38,0.69,0.15,6.75,5265,5242,0,98.47
1063,23,Pisani 1,13,3,one,25a_8,190609,3.02,2.09,18.03,54.64,7.49,5.28,0.72,0.11,6.55,5066,5018,1174,99.07
1064,23,Pisani 1,13,3,one,25a_7,190609,3.10,1.88,17.97,54.69,7.73,5.04,0.65,0.16,5.91,4349,5217,705,98.16
1065,23,Pisani 1,13,3,one,25a_6,190609,3.07,1.84,18.23,55.08,7.48,5.11,0.68,0.18,6.26,4758,5534,987,99.06
1066,23,Pisani 1,13,3,one,25a_5,190609,2.92,2.05,17.93,54.21,7.27,5.46,0.73,0.15,6.31,5214,5064,1396,98.20
1067,23,Pisani 1,13,3,one,25a_3,190609,2.97,1.96,17.95,54.51,7.43,5.00,0.74,0.14,6.22,4610,5375,1648,98.09
1068,23,Pisani 1,13,3,one,25a_2,190609,2.92,1.86,17.08,51.11,7.00,4.85,0.66,0.11,6.03,4739,5926,833,92.78
1069,23,Pisani 1,13,3,one,25a_1,190609,2.77,1.97,18.05,54.15,7.14,5.15,0.72,0.10,6.49,5010,5479,1738,97.78
1070,23,Pisani 1,13,3,one,cf25_1,230110,3.07,1.96,18.02,54.78,7.38,5.19,0.72,0.14,5.54,4846,5318,,97.82
1071,23,Pisani 1,13,3,one,cf25_10,230110,2.94,1.65,18.88,56.00,7.12,5.39,0.59,0.06,5.28,4286,4572,,98.80
1072,23,Pisani 1,13,3,one,cf25_11,230110,2.98,1.72,18.57,55.25,6.95,5.52,0.64,0.23,5.27,5200,4473,,98.10
1073,23,Pisani 1,13,3,one,cf25_12,230110,3.05,2.21,18.08,54.63,7.12,5.36,0.79,0.10,7.26,5367,5403,,99.66
1074,23,Pisani 1,13,3,one,cf25_13,240110,3.23,2.09,17.57,55.56,7.24,5.38,0.81,0.16,6.26,5071,4986,,99.30
1075,23,Pisani 1,13,3,one,cf25_14,240110,3.21,1.87,18.12,56.09,7.88,4.70,0.71,0.15,6.01,4819,5027,,99.73
1076,23,Pisani 1,13,3,one,cf25_15,240110,2.81,2.08,17.88,54.86,7.43,5.37,0.73,0.15,6.33,5055,5119,,98.64
1077,23,Pisani 1,13,3,one,cf25_16,240110,3.02,2.16,18.00,54.21,6.86,5.41,0.73,0.20,6.79,5628,5158,,98.45
1078,23,Pisani 1,13,3,one,cf25_17,240110,3.21,1.84,18.13,56.20,7.60,5.13,0.76,0.15,6.16,4208,5503,,100.16
1079,23,Pisani 1,13,3,one,cf25_18,240110,3.01,2.17,18.20,55.35,6.93,5.71,0.81,0.09,6.83,5135,5451,,100.15
1080,23,Pisani 1,13,3,one,cf25_19,240110,3.29,1.99,18.27,55.32,7.27,5.09,0.70,0.10,6.14,4811,5360,,99.18
1081,23,Pisani 1,13,3,one,cf25_2,230110,3.59,1.75,17.62,54.60,7.52,5.96,0.66,0.08,6.15,5224,6446,,99.11
1082,23,Pisani 1,13,3,one,cf25_20,240110,3.02,2.08,18.27,55.43,7.38,5.13,0.76,0.14,6.32,5309,4963,,99.55
1083,23,Pisani 1,13,3,one,cf25_4,230110,2.99,2.27,17.90,55.44,6.82,6.15,0.76,0.20,6.15,4913,5132,,99.69
1084,23,Pisani 1,13,3,one,cf25_6,230110,3.18,1.86,17.68,55.43,7.32,4.91,0.80,0.12,6.19,5664,5838,,98.64
1085,23,Pisani 1,13,3,one,cf25_7,230110,3.23,2.22,17.76,55.41,7.27,5.43,0.76,0.09,6.28,5095,5480,,99.51
1086,23,Pisani 1,13,3,one,cf25_9,230110,3.28,1.89,17.89,54.27,7.43,4.66,0.79,0.09,6.57,5211,6289,,98.01
1087,22,Soccavo 5,0,3,one,cf102_3,200110,3.31,1.51,18.08,56.48,7.69,3.78,0.67,0.09,5.13,3586,5775,,97.68
1088,22,Soccavo 5,0,3,one,cf102_11,200110,3.45,0.98,18.61,57.62,8.47,3.27,0.42,0.18,4.20,2387,6123,,98.05
1089,22,Soccavo 5,0,3,one,cf102_13,200110,3.56,1.35,18.38,57.46,8.14,3.87,0.56,0.09,4.78,3121,5943,,99.10
1090,22,Soccavo 5,0,3,one,cf102_2,200110,3.61,1.49,18.22,57.27,8.11,3.66,0.63,0.13,5.21,3729,5999,,99.32
1091,22,Soccavo 5,0,3,one,cf102_1,200110,3.19,1.56,18.31,57.27,8.02,3.81,0.68,0.11,5.46,3782,5824,,99.37
1092,22,Soccavo 5,0,3,one,cf102_4,200110,3.43,1.44,18.15,57.24,8.19,3.70,0.67,0.11,5.44,3827,6411,,99.39
1093,22,Soccavo 5,0,3,one,cf102_6,200110,3.73,1.12,18.60,58.00,8.46,3.47,0.51,0.17,4.56,2322,6107,,99.47
1094,22,Soccavo 5,0,3,one,cf102_7,200110,3.36,1.46,18.37,57.12,8.18,3.77,0.69,0.11,5.52,3676,6399,,99.59
1095,22,Soccavo 5,0,3,one,cf102_14,200110,3.57,1.55,18.29,56.72,8.47,3.81,0.74,0.13,5.51,3116,5682,,99.66
1096,22,Soccavo 5,0,3,one,cf102_12,200110,3.48,1.51,18.87,56.70,8.20,3.79,0.68,0.21,5.27,3386,6038,,99.66
1097,22,Soccavo 5,0,3,one,cf102_16,200110,3.48,1.00,18.61,58.74,8.50,3.25,0.51,0.15,4.57,2104,6495,,99.67
1098,22,Soccavo 5,0,3,one,cf102_9,200110,3.41,1.60,18.52,57.25,8.09,3.70,0.70,0.14,5.43,3570,5792,,99.77
1099,22,Soccavo 5,0,3,one,cf102_15,200110,3.40,1.53,18.42,57.62,8.17,3.78,0.70,0.14,5.15,3132,5897,,99.81
1100,22,Soccavo 5,0,3,one,cf102_10,200110,3.46,1.54,18.64,57.14,8.14,3.79,0.70,0.14,5.43,3623,5639,,99.92
1101,22,Soccavo 5,0,3,one,cf102_5,200110,3.55,1.59,18.49,57.33,8.38,3.75,0.67,0.18,5.62,3437,6073,,100.51
1102,21,Minopoli 2,0,3,one,cf9_1,150809,1.93,3.76,17.54,51.60,5.10,9.33,0.81,0.17,7.30,,,,97.54
1103,21,Minopoli 2,0,3,one,cf9_4,150809,2.21,3.14,18.31,52.20,4.85,9.14,0.92,0.14,7.55,,,,98.46
1104,21,Minopoli 2,0,3,one,10_19,180609,2.07,4.36,17.30,51.66,5.54,8.84,0.90,0.11,7.17,6983,4347,1443,99.21
1105,21,Minopoli 2,0,3,one,10_18,180609,2.03,4.27,17.21,51.78,5.47,9.13,0.89,0.10,7.28,6663,3780,1639,99.36
1106,21,Minopoli 2,0,3,one,10_17,180609,2.06,3.36,16.91,50.63,5.85,8.10,0.83,0.17,7.40,6428,4829,999,96.54
1107,21,Minopoli 2,0,3,one,10_16,180609,2.10,3.51,17.34,52.15,6.24,8.18,0.87,0.19,7.49,6907,4483,1475,99.36
1108,21,Minopoli 2,0,3,one,10_14,180609,1.98,4.11,17.02,51.59,5.62,8.93,0.92,0.06,7.80,6930,4173,570,99.20
1109,21,Minopoli 2,0,3,one,10_13,180609,1.90,4.43,16.61,50.00,5.41,9.00,0.81,0.12,7.44,6519,3873,336,96.79
1110,21,Minopoli 2,0,3,one,10_12,180609,2.04,4.12,16.92,51.39,5.65,9.05,0.88,0.16,7.51,6605,4474,790,98.91
1111,21,Minopoli 2,0,3,one,10_11,180609,2.01,4.24,17.00,51.99,5.69,9.24,0.91,0.11,7.61,6809,3809,345,99.91
1112,21,Minopoli 2,0,3,one,10_9,180609,1.95,3.88,17.11,51.18,5.85,8.61,0.83,0.11,7.72,6895,3944,781,98.41
1113,21,Minopoli 2,0,3,one,10_8,180609,2.20,3.55,17.06,51.27,5.89,8.59,0.91,0.14,7.81,6397,4176,1240,98.61
1114,21,Minopoli 2,0,3,one,10_5,180609,1.95,4.12,16.74,50.74,5.86,9.02,0.94,0.09,7.28,6932,3931,1039,97.92
1115,21,Minopoli 2,0,3,one,10_3,180609,1.99,3.39,16.80,51.28,6.28,8.29,0.99,0.07,7.84,7917,4834,1112,98.31
1116,21,Minopoli 2,0,3,one,10_2,180609,1.92,3.96,16.56,50.20,5.70,8.14,0.92,0.11,7.12,6845,4451,1490,95.90
1117,21,Minopoli 2,0,3,one,10_1,180609,2.18,3.14,17.59,51.60,6.23,8.53,0.92,0.12,7.08,6853,4141,454,98.53
1118,21,Minopoli 2,0,3,one,VF5?-1-18,290509,1.77,4.62,17.44,50.57,5.19,9.76,0.89,0.17,7.14,,,,97.54
1119,21,Minopoli 2,0,3,one,VF5?-1-17,290509,2.00,5.29,16.90,50.58,5.12,9.40,0.92,0.14,7.49,,,,97.84
1120,21,Minopoli 2,0,3,one,VF5?-1-14,290509,1.86,3.20,18.67,52.36,6.20,7.93,0.85,0.17,6.71,,,,97.95
1121,21,Minopoli 2,0,3,one,VF5?-1-13,290509,1.99,3.28,18.22,52.38,5.18,7.83,0.83,0.16,7.55,,,,97.43
1122,21,Minopoli 2,0,3,one,VF5?-1-11,290509,1.89,3.73,17.40,50.85,5.41,9.44,0.90,0.11,7.43,,,,97.16
1123,21,Minopoli 2,0,3,one,VF5?-1-5,290509,2.01,4.19,17.42,51.17,5.52,8.92,0.87,0.11,7.74,,,,97.95
1124,21,Minopoli 2,0,3,one,VF5?-1-2,290509,1.80,4.44,17.30,50.36,5.14,9.61,0.91,0.16,7.30,,,,97.00
1125,20,Paleo San Martino,0,3,one,cf24_1,150809,3.29,1.13,18.26,58.36,8.32,3.42,0.56,0.15,4.72,,,,98.21
1126,20,Paleo San Martino,0,3,one,cf24_2,150809,3.25,2.02,18.48,55.39,7.44,5.01,0.77,0.11,6.35,,,,98.83
1127,20,Paleo San Martino,0,3,one,cf24_3,150809,3.53,0.74,18.89,58.47,9.24,3.05,0.52,0.12,3.88,,,,98.44
1128,20,Paleo San Martino,0,3,one,cf24_4,150809,3.51,1.16,18.46,58.46,8.23,3.36,0.54,0.12,4.46,,,,98.29
1129,20,Paleo San Martino,0,3,one,cf24_5,150809,3.68,1.17,18.31,58.45,8.13,3.52,0.53,0.13,4.67,,,,98.60
1130,20,Paleo San Martino,0,3,one,cf24_6,150809,3.05,1.82,18.01,55.36,8.08,4.39,0.75,0.14,5.84,,,,97.43
1131,20,Paleo San Martino,0,3,one,cf24_7,150809,3.44,1.09,18.50,58.45,8.27,3.29,0.48,0.17,4.34,,,,98.02
1132,20,Paleo San Martino,0,3,one,VF5?-2-20,290509,3.72,1.09,17.67,56.28,8.17,3.30,0.50,0.12,4.49,,,,95.32
1133,20,Paleo San Martino,0,3,one,VF5?-2-19,290509,3.22,2.00,17.92,53.43,7.40,4.96,0.65,0.14,5.89,,,,95.61
1134,20,Paleo San Martino,0,3,one,VF5?-2-18,290509,3.53,1.09,17.78,55.98,8.32,3.32,0.46,0.10,4.61,,,,95.18
1135,20,Paleo San Martino,0,3,one,VF5?-2-17,290509,3.81,1.05,18.13,56.96,8.49,3.21,0.47,0.09,4.21,,,,96.41
1136,20,Paleo San Martino,0,3,one,VF5?-2-16,290509,3.88,1.08,17.81,57.36,8.32,3.41,0.45,0.20,4.37,,,,96.90
1137,20,Paleo San Martino,0,3,one,VF5?-2-14,290509,3.55,1.04,18.20,56.71,8.26,3.26,0.48,0.16,4.35,,,,96.01
1138,20,Paleo San Martino,0,3,one,VF5?-2-13,290509,3.82,1.09,18.04,57.48,8.29,3.24,0.50,0.12,4.03,,,,96.61
1139,20,Paleo San Martino,0,3,one,VF5?-2-12,290509,3.70,1.10,18.06,57.35,8.13,3.34,0.54,0.11,4.30,,,,96.63
1140,20,Paleo San Martino,0,3,one,VF5?-2-10,290509,3.69,0.88,18.22,57.83,8.40,2.97,0.50,0.12,4.35,,,,96.96
1141,20,Paleo San Martino,0,3,one,VF5?-2-9,290509,3.68,1.87,17.86,54.01,8.15,4.20,0.70,0.19,5.99,,,,96.65
1142,20,Paleo San Martino,0,3,one,VF5?-2-8,290509,3.06,2.14,17.83,53.76,7.49,4.85,0.70,0.09,5.67,,,,95.58
1143,20,Paleo San Martino,0,3,one,VF5?-2-7,290509,3.76,1.04,17.99,57.05,8.19,3.29,0.53,0.09,4.29,,,,96.21
1144,20,Paleo San Martino,0,3,one,VF5?-2-6,290509,3.47,1.15,18.14,57.43,8.25,3.44,0.53,0.12,4.27,,,,96.81
1145,20,Paleo San Martino,0,3,one,VF5?-2-5,290509,3.70,1.19,18.10,57.29,8.36,3.43,0.50,0.08,4.51,,,,97.14
1146,20,Paleo San Martino,0,3,one,VF5?-2-4,290509,3.58,0.61,17.83,57.91,9.07,2.52,0.42,0.14,3.48,,,,95.56
1147,20,Paleo San Martino,0,3,one,VF5?-2-3,290509,3.88,0.99,18.25,58.15,8.33,3.35,0.48,0.10,4.50,,,,98.03
1148,20,Paleo San Martino,0,3,one,VF5?-2-2,290509,3.56,0.88,17.42,54.02,8.38,3.09,0.42,0.17,3.85,,,,91.79
1149,19,Soccavo 4,14,3,one,4b_20,190609,3.72,1.06,18.42,58.39,8.85,3.37,0.55,0.16,4.56,2271,6169,408,99.97
1150,19,Soccavo 4,14,3,one,4b_19,190609,3.34,1.04,17.49,55.81,8.22,3.21,0.43,0.14,4.15,2556,6297,1121,94.81
1151,19,Soccavo 4,14,3,one,4b_17,190609,3.35,1.10,17.59,56.36,8.32,3.29,0.49,0.09,4.51,2085,6997,1093,96.12
1152,19,Soccavo 4,14,3,one,4b_16,190609,3.68,1.07,18.55,58.06,8.61,3.59,0.48,0.16,4.68,2673,6456,215,99.81
1153,19,Soccavo 4,14,3,one,4b_15,190609,3.35,1.04,17.72,56.17,8.05,3.31,0.45,0.14,4.41,2568,6222,468,95.57
1154,19,Soccavo 4,14,3,one,4b_12,190609,3.96,1.08,17.58,55.55,8.55,3.36,0.50,0.13,4.40,2592,6255,526,96.05
1155,19,Soccavo 4,14,3,one,4b_11,190609,3.81,1.15,18.19,57.73,8.58,3.33,0.58,0.14,4.50,2497,7249,735,99.05
1156,19,Soccavo 4,14,3,one,4b_10,190609,4.18,1.06,18.29,58.28,8.78,3.50,0.51,0.13,4.42,2828,6336,214,100.08
1157,19,Soccavo 4,14,3,one,4b_7,190609,3.67,1.07,18.31,57.35,8.40,3.32,0.52,0.17,4.43,2674,6918,13,98.20
1158,19,Soccavo 4,14,3,one,4b_6,190609,3.78,1.07,18.22,57.97,8.49,3.40,0.47,0.17,4.32,2696,5978,1068,98.86
1159,19,Soccavo 4,14,3,one,4b_5,190609,3.83,1.11,17.17,55.03,8.43,3.77,0.49,0.20,4.45,2340,6033,1053,95.41
1160,19,Soccavo 4,14,3,one,4b_3,190609,3.58,1.14,17.84,55.76,8.42,3.41,0.45,0.16,4.29,2791,7230,966,96.14
1161,19,Soccavo 4,14,3,one,4a_18,190609,3.53,1.02,17.73,56.14,8.19,3.44,0.59,0.10,4.25,2286,6305,874,95.95
1162,19,Soccavo 4,14,3,one,4a_17,190609,3.68,1.11,18.24,57.67,8.30,3.34,0.54,0.08,4.50,2503,6189,346,98.37
1163,19,Soccavo 4,14,3,one,4a_16,190609,3.58,1.10,18.13,57.91,8.44,3.71,0.48,0.20,4.31,2663,6135,916,98.84
1164,19,Soccavo 4,14,3,one,4a_15,190609,3.76,1.13,18.53,57.96,8.38,3.64,0.58,0.15,4.52,2932,6773,809,99.69
1165,19,Soccavo 4,14,3,one,4a_14,190609,3.59,1.11,17.77,56.67,8.31,3.38,0.51,0.07,4.45,2716,5844,1334,96.85
1166,19,Soccavo 4,14,3,one,4a_13,190609,3.97,0.93,18.78,58.42,8.60,3.24,0.50,0.17,4.25,2181,6503,569,99.79
1167,19,Soccavo 4,14,3,one,4a_12,190609,3.78,1.12,18.18,57.92,8.42,3.55,0.52,0.12,4.47,2671,6295,860,99.06
1168,19,Soccavo 4,14,3,one,4a_11,190609,3.66,1.12,18.39,58.51,8.50,3.49,0.50,0.15,4.54,2933,5923,736,99.81
1169,19,Soccavo 4,14,3,one,4a_10,190609,3.83,1.11,18.44,58.13,8.63,3.65,0.51,0.09,4.64,3044,6071,626,99.98
1170,19,Soccavo 4,14,3,one,4a_9,190609,3.72,1.15,18.61,58.06,8.50,3.56,0.54,0.14,4.68,2681,6430,767,99.96
1171,19,Soccavo 4,14,3,one,4a_8,190609,3.64,1.08,18.64,58.33,8.41,3.41,0.45,0.18,4.44,2539,5518,1262,99.50
1172,19,Soccavo 4,14,3,one,4a_7,190609,3.78,0.97,18.32,58.83,8.79,3.47,0.55,0.11,4.03,2806,6869,438,99.87
1173,19,Soccavo 4,14,3,one,4a_6,190609,3.92,1.09,18.45,57.95,8.60,3.33,0.61,0.14,4.36,2253,6921,1013,99.46
1174,19,Soccavo 4,14,3,one,4a_5,190609,3.71,1.02,18.30,57.57,8.28,3.35,0.58,0.13,4.35,2775,6426,773,98.29
1175,19,Soccavo 4,14,3,one,4a_4,190609,3.88,1.11,18.36,58.29,8.59,3.56,0.48,0.15,4.52,3096,6789,321,99.97
1176,19,Soccavo 4,14,3,one,4a_3,190609,3.85,1.08,18.32,58.41,8.41,3.48,0.56,0.16,4.58,2695,6653,188,99.81
1177,19,Soccavo 4,14,3,one,4a_2,190609,3.99,1.02,18.42,58.33,8.47,3.35,0.51,0.16,4.41,2234,5621,1498,99.59
1178,19,Soccavo 4,14,3,one,4a_1,190609,3.83,1.09,18.48,58.11,8.53,3.28,0.48,0.17,4.38,2525,7101,944,99.40
1179,19,Soccavo 4,14,3,one,4_20,190609,3.62,1.09,18.46,57.90,8.46,3.24,0.54,0.16,4.39,2322,5965,534,98.75
1180,19,Soccavo 4,14,3,one,4_19,190609,3.96,1.12,18.53,58.78,8.73,3.39,0.46,0.12,4.56,2504,6319,178,100.54
1181,19,Soccavo 4,14,3,one,4_17,190609,3.38,1.06,17.61,56.34,8.21,3.19,0.46,0.14,4.27,2270,5977,412,95.53
1182,19,Soccavo 4,14,3,one,4_16,190609,3.74,1.08,18.24,58.26,8.65,3.33,0.50,0.12,4.48,2500,6576,848,99.40
1183,19,Soccavo 4,14,3,one,4_15,190609,3.72,1.05,18.49,57.87,8.41,3.45,0.54,0.19,4.44,3438,6265,551,99.19
1184,19,Soccavo 4,14,3,one,4_14,190609,3.69,1.04,18.62,58.55,8.56,3.42,0.50,0.14,4.40,1857,6912,627,99.86
1185,19,Soccavo 4,14,3,one,4_13,190609,3.85,0.99,18.60,58.37,8.78,3.38,0.47,0.14,4.45,2413,7012,1197,100.10
1186,19,Soccavo 4,14,3,one,4_12,190609,3.43,1.04,18.65,58.75,8.46,3.44,0.56,0.13,4.58,2760,6300,15,99.93
1187,19,Soccavo 4,14,3,one,4_10,190609,3.31,0.97,17.76,55.69,8.07,3.45,0.46,0.14,4.28,2311,6204,239,95.00
1188,19,Soccavo 4,14,3,one,4_8,190609,3.67,1.01,18.32,58.00,8.63,3.38,0.58,0.11,4.29,2310,6921,646,98.98
1189,19,Soccavo 4,14,3,one,4_7,190609,3.48,1.00,17.96,57.21,8.49,3.40,0.49,0.19,4.55,2603,6589,903,97.76
1190,19,Soccavo 4,14,3,one,4_5,190609,3.45,1.04,18.58,58.53,8.52,3.31,0.51,0.14,4.78,2950,6501,309,99.85
1191,19,Soccavo 4,14,3,one,4_3,190609,3.53,1.00,18.29,58.02,8.74,3.14,0.44,0.19,4.46,2713,6680,1505,98.89
1192,19,Soccavo 4,14,3,one,4_2,190609,3.42,1.05,18.26,58.25,8.46,3.40,0.49,0.13,4.44,2654,6853,986,98.95
1193,19,Soccavo 4,14,3,one,cf12-1,240709,4.01,0.64,18.50,59.82,8.76,2.58,0.37,0.08,3.43,,,,98.19
1194,19,Soccavo 4,14,3,one,cf12-2,240709,4.00,0.62,18.48,60.01,8.86,2.61,0.37,0.18,3.30,,,,98.43
1195,19,Soccavo 4,14,3,one,cf12-3,240709,3.45,1.11,18.33,58.17,8.15,3.47,0.60,0.13,4.48,,,,97.88
1196,19,Soccavo 4,14,3,one,cf12-4,240709,3.83,1.20,18.38,58.39,8.09,3.64,0.50,0.10,4.67,,,,98.81
1197,19,Soccavo 4,14,3,one,cf12-5,240709,3.73,1.07,18.47,59.20,8.23,3.31,0.47,0.24,4.25,,,,98.96
1198,19,Soccavo 4,14,3,one,cf12-6,240709,3.68,1.26,18.49,57.59,8.19,3.66,0.66,0.14,4.68,,,,98.36
1199,19,Soccavo 4,14,3,one,cf12-7,240709,3.63,1.23,18.56,58.08,8.14,3.65,0.51,0.21,4.66,,,,98.66
1200,19,Soccavo 4,14,3,one,cf12-8,240709,3.55,1.12,18.35,57.90,8.10,3.40,0.53,0.10,4.17,,,,97.22
1201,19,Soccavo 4,14,3,one,cf12-9,240709,3.34,1.16,18.52,57.67,8.18,3.59,0.53,0.15,4.55,,,,97.69
1202,19,Soccavo 4,14,3,one,cf12-10,240709,3.09,1.65,18.47,54.47,7.56,4.74,0.61,0.14,5.10,,,,95.84
1203,19,Soccavo 4,14,3,one,cf12-11,240709,3.43,1.12,18.16,58.26,7.92,3.45,0.46,0.16,4.25,,,,97.21
1204,19,Soccavo 4,14,3,one,cf12-12,240709,3.62,1.13,18.81,58.24,8.33,3.30,0.49,0.08,4.28,,,,98.28
1205,19,Soccavo 4,14,3,one,cf12-13,240709,3.56,1.22,18.36,58.47,8.09,3.59,0.48,0.19,4.65,,,,98.61
1206,19,Soccavo 4,14,3,one,cf12-14,240709,3.66,1.14,18.55,58.85,8.07,3.44,0.60,0.14,4.30,,,,98.75
1207,19,Soccavo 4,14,3,one,cf12-15,240709,3.52,1.11,18.32,58.02,8.14,3.41,0.51,0.09,4.48,,,,97.60
1208,19,Soccavo 4,14,3,one,cf12-16,240709,3.49,1.13,18.60,58.58,8.43,3.21,0.53,0.09,4.31,,,,98.38
1209,19,Soccavo 4,14,3,one,cf12-17,240709,3.51,1.07,18.28,58.65,8.26,3.36,0.43,0.15,4.35,,,,98.05
1210,19,Soccavo 4,14,3,one,cf12-18,240709,3.81,1.14,18.63,57.96,8.09,3.69,0.49,0.12,4.43,,,,98.36
1211,19,Soccavo 4,14,3,one,cf12-19,240709,3.57,1.09,18.23,58.09,8.17,3.38,0.48,0.11,4.16,,,,97.28
1212,19,Soccavo 4,14,3,one,CF4_1,011209,3.66,1.13,18.38,58.03,8.51,3.54,0.52,0.13,4.47,2664,5978,740,99.32
1213,19,Soccavo 4,14,3,one,CF4_10,011209,3.62,1.08,17.87,56.89,8.42,4.31,0.56,0.12,4.42,1937,6470,0,98.13
1214,19,Soccavo 4,14,3,one,CF4_12,011209,3.61,1.15,18.24,57.51,8.57,3.64,0.50,0.06,4.65,3208,6141,1409,99.00
1215,19,Soccavo 4,14,3,one,CF4_13,011209,3.65,1.12,18.58,58.04,8.71,3.49,0.50,0.16,4.32,2514,6176,931,99.54
1216,19,Soccavo 4,14,3,one,CF4_14,011209,3.71,1.11,18.25,58.51,8.75,3.52,0.54,0.17,4.53,2893,6273,303,100.04
1217,19,Soccavo 4,14,3,one,CF4_15,011209,3.97,1.05,18.37,57.88,8.58,3.52,0.52,0.20,4.64,2333,6915,1009,99.76
1218,19,Soccavo 4,14,3,one,CF4_16,011209,3.68,1.16,18.59,57.47,8.62,3.46,0.60,0.13,4.61,2929,5924,1383,99.33
1219,19,Soccavo 4,14,3,one,CF4_17,011209,3.73,1.13,17.70,56.18,8.31,3.51,0.55,0.19,4.15,2598,6056,1461,96.45
1220,19,Soccavo 4,14,3,one,CF4_2,011209,3.71,1.15,18.04,57.52,8.81,3.47,0.47,0.00,4.45,2941,5515,1611,98.63
1221,19,Soccavo 4,14,3,one,CF4_3,011209,3.53,1.03,18.30,58.17,8.74,3.48,0.51,0.16,4.45,2807,6165,1288,99.41
1222,19,Soccavo 4,14,3,one,CF4_4,011209,3.42,1.15,18.21,58.28,8.78,3.30,0.54,0.17,4.41,3079,6140,953,99.29
1223,19,Soccavo 4,14,3,one,CF4_5,011209,3.55,1.14,18.06,57.46,8.35,3.48,0.52,0.13,4.39,2465,6012,231,97.94
1224,19,Soccavo 4,14,3,one,CF4_6,011209,3.87,1.15,18.28,57.31,8.58,3.48,0.53,0.09,4.48,2252,6024,234,98.64
1225,19,Soccavo 4,14,3,one,CF4_7,011209,3.61,1.12,18.13,57.80,8.59,3.42,0.51,0.06,4.41,2930,6638,1384,98.75
1226,19,Soccavo 4,14,3,one,CF4_8,011209,3.70,1.13,17.90,57.48,8.77,3.47,0.53,0.08,4.61,2328,6550,589,98.62
1227,19,Soccavo 4,14,3,one,CF4_9,011209,3.54,1.14,18.39,57.66,8.64,3.54,0.52,0.10,4.57,2858,6304,1098,99.13
1228,18,Soccavo 3,0,3,one,CF104_10,070710,3.46,1.06,18.00,55.92,8.21,3.16,0.54,0.15,4.11,2449,6272,,95.49
1229,18,Soccavo 3,0,3,one,CF104_2,070710,3.68,0.97,17.45,57.00,8.13,3.31,0.52,0.18,4.32,2485,5823,,96.39
1230,18,Soccavo 3,0,3,one,CF104_3,070710,3.66,0.99,19.07,59.25,8.71,3.53,0.59,0.15,4.10,3239,6681,,101.04
1231,18,Soccavo 3,0,3,one,CF104_6,070710,3.68,1.00,19.84,60.12,8.68,3.74,0.55,0.09,4.69,3464,6347,,103.36
1232,18,Soccavo 3,0,3,one,CF104_8,070710,3.08,1.14,17.44,53.39,8.25,3.68,0.50,0.18,4.30,2227,6807,,92.85
1233,18,Soccavo 3,0,3,one,CF104_9,070710,3.55,1.07,17.36,54.81,7.80,3.04,0.49,0.10,4.18,2542,6405,,93.31
1234,17,Soccavo 2,0,3,one,cf105_6,210110,3.94,1.12,18.49,55.62,8.02,3.36,0.50,0.10,4.47,2157,6254,,96.46
1235,17,Soccavo 2,0,3,one,cf105_2,210110,3.10,2.00,17.77,54.68,7.39,5.16,0.72,0.10,5.95,4870,5583,,97.91
1236,17,Soccavo 2,0,3,one,cf105_10,210110,3.08,1.95,18.23,54.36,7.47,5.07,0.74,0.20,5.98,4512,5495,,98.09
1237,17,Soccavo 2,0,3,one,cf105_13,210110,3.65,1.16,18.33,57.05,8.11,3.55,0.56,0.12,4.90,3176,6640,,98.40
1238,17,Soccavo 2,0,3,one,cf105_12,210110,3.59,1.55,18.12,56.73,8.04,4.18,0.54,0.06,4.76,2432,6193,,98.41
1239,17,Soccavo 2,0,3,one,cf105_5,210110,3.59,1.07,18.43,57.67,8.70,3.32,0.48,0.14,4.25,2167,6480,,98.52
1240,17,Soccavo 2,0,3,one,cf105_8,210110,3.62,1.17,18.51,57.45,8.55,3.53,0.55,0.12,4.32,2776,6042,,98.69
1241,17,Soccavo 2,0,3,one,cf105_4,210110,3.16,2.25,18.19,54.13,7.21,5.54,0.79,0.06,6.53,4541,5292,,98.85
1242,17,Soccavo 2,0,3,one,cf105_9,210110,3.81,1.21,18.66,57.00,8.47,3.67,0.58,0.18,4.71,2640,5852,,99.14
1243,17,Soccavo 2,0,3,one,cf105_6,210110,3.94,1.12,18.49,55.62,8.02,3.36,0.50,0.10,4.47,2157,6254,,96.46
1244,17,Soccavo 2,0,3,one,cf105_3,210110,3.44,1.33,18.15,55.58,7.91,3.84,0.56,0.11,5.25,3173,6062,,97.09
1245,17,Soccavo 2,0,3,one,cf105_2,210110,3.10,2.00,17.77,54.68,7.39,5.16,0.72,0.10,5.95,4870,5583,,97.91
1246,17,Soccavo 2,0,3,one,cf105_10,210110,3.08,1.95,18.23,54.36,7.47,5.07,0.74,0.20,5.98,4512,5495,,98.09
1247,17,Soccavo 2,0,3,one,cf105_13,210110,3.65,1.16,18.33,57.05,8.11,3.55,0.56,0.12,4.90,3176,6640,,98.40
1248,17,Soccavo 2,0,3,one,cf105_12,210110,3.59,1.55,18.12,56.73,8.04,4.18,0.54,0.06,4.76,2432,6193,,98.41
1249,17,Soccavo 2,0,3,one,cf105_5,210110,3.59,1.07,18.43,57.67,8.70,3.32,0.48,0.14,4.25,2167,6480,,98.52
1250,17,Soccavo 2,0,3,one,cf105_8,210110,3.62,1.17,18.51,57.45,8.55,3.53,0.55,0.12,4.32,2776,6042,,98.69
1251,17,Soccavo 2,0,3,one,cf105_4,210110,3.16,2.25,18.19,54.13,7.21,5.54,0.79,0.06,6.53,4541,5292,,98.85
1252,17,Soccavo 2,0,3,one,cf105_9,210110,3.81,1.21,18.66,57.00,8.47,3.67,0.58,0.18,4.71,2640,5852,,99.14
1253,16,Paleopisani 2,15,3,one,vf23_3_3,211009,2.94,2.31,18.15,54.69,7.16,5.61,0.83,0.19,6.43,5270,5331,1995,99.57
1254,16,Paleopisani 2,15,3,one,vf23_3_5,211009,3.19,2.57,18.59,53.46,6.89,5.89,0.86,0.10,7.31,4355,5350,2206,100.04
1255,16,Paleopisani 2,15,3,one,vf23_3_6,211009,3.19,2.51,18.45,54.33,6.96,5.90,0.80,0.20,6.95,5019,5559,1968,100.54
1256,16,Paleopisani 2,15,3,one,vf23_3_8,211009,2.99,2.40,18.53,54.85,7.23,5.95,0.95,0.13,6.65,5151,5451,741,100.82
1257,16,Paleopisani 2,15,3,one,vf23_3_9,211009,3.21,2.32,18.55,54.56,7.09,5.55,0.91,0.10,6.67,4955,5007,2292,100.17
1258,16,Paleopisani 2,15,3,one,vf23_3_10,211009,3.27,2.02,18.51,55.89,7.47,5.10,0.78,0.08,6.16,4633,5430,2380,100.51
1259,16,Paleopisani 2,15,3,one,vf23_3_11,211009,3.19,2.40,18.78,54.72,7.09,5.67,0.87,0.14,6.41,4951,4874,1676,100.41
1260,16,Paleopisani 2,15,3,one,vf23_3_12,211009,3.37,2.08,18.49,55.37,7.48,5.21,0.76,0.10,6.15,5187,5293,1370,100.20
1261,16,Paleopisani 2,15,3,one,vf23_3_13,211009,2.99,2.60,18.24,54.31,6.75,6.26,0.84,0.20,6.64,5379,5410,62,99.92
1262,16,Paleopisani 2,15,3,one,vf23_3_15,211009,3.00,2.48,18.55,54.07,6.89,6.07,0.87,0.00,6.83,4721,5144,2674,100.02
1263,16,Paleopisani 2,15,3,one,vf23_1_1,211009,3.16,2.36,17.12,51.13,6.93,5.89,0.81,0.10,6.46,4837,5309,2163,95.20
1264,16,Paleopisani 2,15,3,one,vf23_1_2,211009,3.07,2.33,18.75,55.17,7.14,5.57,0.87,0.14,6.43,5756,4646,1672,100.68
1265,16,Paleopisani 2,15,3,one,vf23_1_3,211009,2.95,2.38,18.76,54.44,7.22,5.76,0.88,0.07,6.69,4994,5244,705,100.24
1266,16,Paleopisani 2,15,3,one,vf23_1_5,211009,3.23,2.23,19.22,54.75,6.62,5.88,0.74,0.07,6.31,4681,5217,283,100.08
1267,16,Paleopisani 2,15,3,one,vf23_1_6,211009,3.26,2.18,18.76,55.07,7.34,5.29,0.86,0.00,6.55,4527,5495,1465,100.47
1268,16,Paleopisani 2,15,3,one,vf23_1_8,211009,3.03,1.98,18.95,56.11,7.57,5.00,0.85,0.16,6.10,4571,5560,854,100.84
1269,16,Paleopisani 2,15,3,one,vf23_1_9,211009,2.97,2.55,18.75,54.85,6.84,5.94,0.87,0.12,6.90,4831,5182,1084,100.89
1270,16,Paleopisani 2,15,3,one,vf23_1_11,211009,3.14,1.87,18.65,55.43,7.64,4.81,0.81,0.16,6.15,4784,5739,1478,99.85
1271,16,Paleopisani 2,15,3,one,vf23_1_13,211009,3.05,2.45,18.81,53.99,6.93,5.98,0.85,0.05,6.54,5041,4900,2479,99.89
1272,16,Paleopisani 2,15,3,one,vf23_1_14,211009,3.14,2.26,18.66,55.07,7.00,5.57,0.83,0.16,6.55,4870,5296,1096,100.37
1273,16,Paleopisani 2,15,3,one,vf23_1_15,211009,2.87,2.44,18.25,55.30,7.04,5.73,0.91,0.12,6.14,4713,4791,2622,100.02
1274,16,Paleopisani 2,15,3,one,vf23_1_16,211009,2.83,2.19,17.29,51.25,6.61,5.45,0.84,0.13,6.50,4459,6010,2416,94.38
1275,16,Paleopisani 2,15,3,one,CF23_123_22,130810,2.84,2.41,18.53,54.30,7.07,5.70,0.83,0.10,6.58,4850,,,98.84
1276,16,Paleopisani 2,15,3,one,CF23_125_23,130810,3.15,2.22,18.41,54.90,7.14,5.57,0.84,0.19,6.48,4063,,,99.31
1277,16,Paleopisani 2,15,3,one,CF23_127_24,130810,3.05,2.22,18.71,54.68,6.98,5.34,0.78,0.17,6.31,3913,,,98.64
1278,16,Paleopisani 2,15,3,one,CF23_129_25,130810,3.16,2.48,18.44,53.96,6.87,5.96,0.79,0.14,6.87,4805,,,99.15
1279,16,Paleopisani 2,15,3,one,CF23_133_27,130810,3.17,2.53,18.34,54.57,6.92,6.04,0.84,0.17,6.65,4244,,,99.65
1280,16,Paleopisani 2,15,3,one,CF23_135_28,130810,2.94,2.40,18.71,54.76,6.97,5.73,0.85,0.12,7.02,3982,,,99.89
1281,16,Paleopisani 2,15,3,one,CF23_137_29,130810,3.12,2.21,18.46,54.80,7.11,5.47,0.87,0.18,6.80,3907,,,99.42
1282,16,Paleopisani 2,15,3,one,CF23_139_30,130810,3.39,2.21,18.49,54.90,7.15,5.42,0.73,0.25,6.55,3838,,,99.48
1283,16,Paleopisani 2,15,3,one,CF23_141_1,130810,3.26,2.26,18.56,54.69,7.00,5.54,0.82,0.12,6.56,4416,,,99.26
1284,16,Paleopisani 2,15,3,one,CF23_143_2,130810,3.15,2.42,18.38,54.27,6.87,5.77,0.79,0.11,6.51,3945,,,98.66
1285,16,Paleopisani 2,15,3,one,CF23_145_3,130810,3.22,2.31,18.46,54.51,7.12,5.53,0.81,0.13,6.57,4179,,,99.07
1286,16,Paleopisani 2,15,3,one,CF23_147_4,130810,3.32,2.38,18.51,54.62,7.07,5.63,0.81,0.12,6.69,4506,,,99.61
1287,16,Paleopisani 2,15,3,one,CF23_149_5,130810,3.23,2.35,18.65,54.74,7.09,5.59,0.84,0.10,6.57,3943,,,99.55
1288,16,Paleopisani 2,15,3,one,CF23_151_6,130810,3.04,2.51,18.53,54.38,6.89,5.93,0.85,0.06,6.70,3762,,,99.27
1289,16,Paleopisani 2,15,3,one,CF23_153_7,130810,3.22,2.04,18.57,54.95,7.28,5.30,0.81,0.13,6.47,4202,,,99.18
1290,16,Paleopisani 2,15,3,one,CF23_155_8,130810,3.26,2.30,18.57,54.32,7.05,5.52,0.73,0.15,6.50,3922,,,98.80
1291,16,Paleopisani 2,15,3,one,CF23_157_9,130810,3.02,2.24,18.74,55.05,7.29,5.38,0.79,0.00,5.96,3577,,,98.85
1292,15,Paleopisani 1,0,3,one,21_20,180609,3.40,1.75,18.06,55.83,8.47,4.27,0.71,0.12,5.83,4771,6547,801,99.65
1293,15,Paleopisani 1,0,3,one,21_17,180609,3.56,2.15,18.02,55.03,7.88,5.09,0.77,0.13,6.15,4236,5663,938,99.87
1294,15,Paleopisani 1,0,3,one,21_15,180609,3.42,1.74,17.90,55.66,8.31,4.29,0.75,0.14,5.76,4313,5261,1798,99.10
1295,15,Paleopisani 1,0,3,one,21_14,180609,3.59,1.77,17.83,56.09,8.30,4.52,0.73,0.13,5.94,5169,5295,1689,100.10
1296,15,Paleopisani 1,0,3,one,21_13,180609,3.45,1.78,18.23,55.32,8.26,4.39,0.77,0.15,5.78,3902,5728,155,99.11
1297,15,Paleopisani 1,0,3,one,21_12,180609,3.29,1.89,17.96,55.24,7.92,4.81,0.70,0.11,5.77,4671,5859,882,98.83
1298,15,Paleopisani 1,0,3,one,21_11,180609,3.26,1.86,17.55,55.80,7.75,4.58,0.76,0.12,6.29,5230,6033,832,99.17
1299,15,Paleopisani 1,0,3,one,21_10,180609,3.48,1.75,18.21,55.79,8.08,4.51,0.78,0.09,5.78,5054,5915,1245,99.69
1300,15,Paleopisani 1,0,3,one,21_9,180609,3.52,1.74,17.99,55.47,8.34,4.40,0.72,0.12,5.98,4429,5911,999,99.42
1301,15,Paleopisani 1,0,3,one,21_8,180609,3.26,1.63,17.77,55.36,8.46,4.09,0.67,0.19,5.70,4549,5633,946,98.25
1302,15,Paleopisani 1,0,3,one,21_7,180609,3.65,1.80,17.75,55.04,7.46,4.67,0.71,0.20,6.06,4358,6387,1529,98.57
1303,15,Paleopisani 1,0,3,one,21_6,180609,3.44,1.69,17.81,54.94,8.53,4.32,0.70,0.06,5.89,4406,5745,1596,98.56
1304,15,Paleopisani 1,0,3,one,21_5,180609,3.38,1.73,17.98,55.28,8.81,4.31,0.67,0.23,5.63,4836,5046,1087,99.11
1305,15,Paleopisani 1,0,3,one,21_4,180609,3.53,1.72,17.65,54.62,8.47,4.25,0.70,0.12,5.65,4258,6044,668,97.81
1306,15,Paleopisani 1,0,3,one,21_3,180609,3.49,1.72,18.15,56.01,8.57,4.17,0.67,0.15,5.82,4475,5736,640,99.83
1307,15,Paleopisani 1,0,3,one,21_2,180609,3.51,1.66,17.88,55.98,8.29,4.24,0.70,0.12,5.68,4406,5369,525,99.10
1308,15,Paleopisani 1,0,3,one,21_1,180609,3.49,1.75,18.01,56.11,8.36,4.39,0.68,0.09,5.97,4924,6154,1134,100.07
1309,15,Paleopisani 1,0,3,one,CF21_1,011209,3.41,1.77,18.18,55.80,8.44,4.49,0.69,0.18,5.86,4258,5760,1961,100.02
1310,15,Paleopisani 1,0,3,one,CF21_10,011209,3.48,1.72,17.91,55.72,8.53,4.52,0.72,0.15,5.89,4873,5732,1760,99.86
1311,15,Paleopisani 1,0,3,one,CF21_11,011209,3.20,1.78,18.42,54.99,8.06,4.71,0.77,0.23,6.34,4853,6032,1130,99.72
1312,15,Paleopisani 1,0,3,one,CF21_12,011209,3.29,1.84,18.32,55.68,8.27,4.39,0.78,0.30,5.85,4472,5521,1300,99.84
1313,15,Paleopisani 1,0,3,one,CF21_13,011209,3.15,1.72,18.28,56.10,8.38,4.32,0.73,0.11,5.62,4804,4881,1184,99.50
1314,15,Paleopisani 1,0,3,one,CF21_14,011209,3.40,1.75,18.16,55.77,8.22,4.49,0.63,0.17,5.64,4373,5998,1180,99.38
1315,15,Paleopisani 1,0,3,one,CF21_15,011209,3.18,1.69,17.51,53.56,7.94,4.24,0.79,0.09,5.72,4820,5687,809,95.85
1316,15,Paleopisani 1,0,3,one,CF21_2,011209,3.22,1.81,18.28,55.16,8.12,4.50,0.76,0.10,6.04,4611,5578,1351,99.13
1317,15,Paleopisani 1,0,3,one,CF21_3,011209,3.20,1.67,18.32,56.54,8.56,4.05,0.66,0.08,5.62,4757,4854,940,99.77
1318,15,Paleopisani 1,0,3,one,CF21_4,011209,3.62,1.78,18.19,55.69,8.43,4.46,0.75,0.08,5.79,5256,5623,1713,100.06
1319,15,Paleopisani 1,0,3,one,CF21_5,011209,3.21,1.76,17.83,56.05,8.46,4.46,0.73,0.23,5.70,4758,5445,2169,99.66
1320,15,Paleopisani 1,0,3,one,CF21_6,011209,3.21,1.79,17.85,56.00,8.31,4.55,0.77,0.16,6.01,4858,5773,1151,99.83
1321,15,Paleopisani 1,0,3,one,CF21_7,011209,3.11,2.01,18.32,55.18,8.05,4.78,0.72,0.10,6.02,4683,5519,2026,99.51
1322,15,Paleopisani 1,0,3,one,CF21_8,011209,2.99,1.83,18.33,55.44,8.09,4.48,0.77,0.06,6.05,4650,5447,1185,99.18
1323,15,Paleopisani 1,0,3,one,CF21_9,011209,3.23,1.78,18.27,55.86,8.41,4.50,0.78,0.06,5.78,4784,5828,1226,99.83
1324,14,PP,16,3,one,CF2_1,130809,3.56,1.35,18.07,57.08,8.50,4.21,0.51,0.12,4.70,,,,98.09
1325,14,PP,16,3,one,CF2_2,130809,3.47,1.50,18.60,56.32,8.36,4.61,0.55,0.09,4.93,,,,98.44
1326,14,PP,16,3,one,CF2_3,130809,3.60,1.28,17.91,56.48,8.54,4.24,0.55,0.09,4.71,,,,97.40
1327,14,PP,16,3,one,CF2_4,130809,3.25,1.36,18.54,57.40,8.27,4.27,0.60,0.16,4.61,,,,98.47
1328,14,PP,16,3,one,CF2_5,130809,3.19,1.51,18.65,56.96,8.19,4.46,0.58,0.14,4.47,,,,98.16
1329,14,PP,16,3,one,6b_14,190609,3.39,0.98,18.28,56.07,9.02,3.48,0.51,0.17,4.02,2177,6795,168,96.84
1330,14,PP,16,3,one,6b_13,190609,3.29,0.93,18.97,57.98,9.17,3.55,0.48,0.14,4.11,2041,6701,746,99.58
1331,14,PP,16,3,one,6b_8,190609,3.46,0.93,18.55,56.70,9.17,3.57,0.49,0.08,4.24,2213,6213,271,98.05
1332,14,PP,16,3,one,6b_7,190609,3.20,0.88,17.63,54.10,8.85,3.55,0.46,0.16,4.05,2150,6088,725,93.78
1333,14,PP,16,3,one,6b_6,190609,3.43,0.83,18.17,56.64,8.94,3.39,0.42,0.11,3.92,1779,6960,633,96.79
1334,14,PP,16,3,one,6b_3,190609,3.20,0.88,18.02,55.41,8.75,3.51,0.42,0.11,3.89,2275,6701,779,95.16
1335,14,PP,16,3,one,6a_20,190609,3.51,1.10,18.70,57.52,9.10,3.76,0.51,0.15,4.35,2075,6465,507,99.60
1336,14,PP,16,3,one,6a_19,190609,3.56,1.11,18.90,57.40,8.96,3.77,0.41,0.10,4.49,1975,6559,1232,99.69
1337,14,PP,16,3,one,6a_17,190609,3.27,1.03,18.58,57.28,8.97,3.67,0.48,0.12,4.45,2517,5995,422,98.75
1338,14,PP,16,3,one,6a_16,190609,3.66,0.93,18.79,57.93,9.42,3.56,0.51,0.12,4.31,1859,6513,447,100.12
1339,14,PP,16,3,one,6a_14,190609,2.92,1.00,17.89,55.45,8.64,3.75,0.46,0.11,4.11,1844,5944,1393,95.26
1340,14,PP,16,3,one,6a_12,190609,3.46,1.03,18.39,56.41,8.99,3.76,0.53,0.13,4.27,2261,6024,932,97.88
1341,14,PP,16,3,one,6a_11,190609,3.33,1.17,18.50,56.59,8.94,3.81,0.52,0.14,4.48,2351,6445,1415,98.51
1342,14,PP,16,3,one,6a_10,190609,3.51,1.13,18.78,57.02,9.05,3.78,0.44,0.13,4.54,1999,6227,868,99.29
1343,14,PP,16,3,one,6a_9,190609,3.56,1.14,18.77,57.42,9.27,3.75,0.46,0.14,4.39,2919,6791,1154,99.99
1344,14,PP,16,3,one,6a_8,190609,3.08,1.01,17.64,54.77,8.75,3.60,0.45,0.10,4.08,2097,5632,0,94.25
1345,14,PP,16,3,one,6a_6,190609,3.26,0.95,17.91,54.95,8.82,3.63,0.48,0.20,4.04,2084,5985,1589,95.22
1346,14,PP,16,3,one,6a_5,190609,3.05,1.03,18.13,55.64,9.10,3.47,0.41,0.15,4.05,2497,6421,670,95.99
1347,14,PP,16,3,one,6a_4,190609,3.19,1.01,18.29,56.01,8.67,3.55,0.48,0.13,4.23,2558,6146,630,96.49
1348,14,PP,16,3,one,2c_19,190609,3.37,1.37,17.83,53.83,8.36,4.11,0.50,0.18,4.37,2751,6649,1232,95.00
1349,14,PP,16,3,one,2c_18,190609,3.21,1.25,18.44,55.98,8.30,4.29,0.50,0.13,4.61,2430,5816,806,97.61
1350,14,PP,16,3,one,2c_9,190609,3.34,1.41,18.40,55.60,8.70,4.24,0.54,0.07,4.61,2346,6417,1477,97.93
1351,14,PP,16,3,one,2c_7,190609,3.57,1.43,18.57,56.48,8.66,4.34,0.49,0.11,4.79,2625,6622,1158,99.47
1352,14,PP,16,3,one,2c_4,190609,3.22,1.37,17.89,53.85,8.24,4.09,0.49,0.08,4.55,2487,6133,596,94.70
1353,14,PP,16,3,one,2c_2,190609,3.38,1.35,18.45,56.10,8.23,4.18,0.51,0.11,4.66,2457,6050,787,97.92
1354,14,PP,16,3,one,2c_1,190609,3.55,1.48,18.40,56.40,8.52,4.29,0.52,0.11,4.65,2459,6609,1592,98.97
1355,14,PP,16,3,one,2b_20,190609,3.35,1.27,18.71,56.75,8.48,4.33,0.53,0.13,4.42,2734,6585,278,98.92
1356,14,PP,16,3,one,2b_19,190609,3.55,1.28,18.77,57.49,8.76,3.91,0.50,0.19,4.26,2275,5920,1087,99.64
1357,14,PP,16,3,one,2b_18,190609,3.86,1.34,18.72,56.95,8.75,4.22,0.55,0.09,4.37,2424,6369,740,99.80
1358,14,PP,16,3,one,2b_17,190609,3.42,1.26,18.09,55.40,8.84,3.74,0.52,0.18,3.99,2766,5206,930,96.35
1359,14,PP,16,3,one,2b_16,190609,3.36,1.20,18.66,57.13,8.62,4.10,0.49,0.10,4.39,2271,5524,494,98.87
1360,14,PP,16,3,one,2b_15,190609,3.43,1.31,18.28,56.25,8.42,4.06,0.58,0.16,4.38,2556,6251,1265,97.86
1361,14,PP,16,3,one,2b_14,190609,3.45,1.28,18.63,56.48,8.45,4.04,0.58,0.11,4.58,3098,6065,551,98.58
1362,14,PP,16,3,one,2b_13,190609,3.45,1.50,18.74,56.74,8.57,4.35,0.53,0.16,4.87,3270,5544,1200,99.92
1363,14,PP,16,3,one,2b_12,190609,3.76,1.41,18.54,57.18,8.41,4.09,0.52,0.13,4.81,2437,5972,1549,99.85
1364,14,PP,16,3,one,2b_11,190609,3.74,1.23,18.88,57.10,8.61,4.08,0.55,0.13,4.65,2778,6004,905,99.94
1365,14,PP,16,3,one,2b_10,190609,3.65,1.29,19.03,57.13,8.69,3.99,0.55,0.21,4.28,2528,5561,1974,99.83
1366,14,PP,16,3,one,2b_9,190609,3.57,1.19,18.71,57.34,8.49,3.83,0.53,0.20,4.34,2743,5455,1666,99.18
1367,14,PP,16,3,one,2b_8,190609,3.51,1.34,18.95,57.38,8.42,4.24,0.61,0.19,4.80,2858,6497,913,100.45
1368,14,PP,16,3,one,2b_7,190609,3.53,1.34,18.63,57.15,8.56,4.26,0.53,0.12,4.65,2353,6177,1190,99.75
1369,14,PP,16,3,one,2b_6,190609,3.35,1.34,18.71,56.20,7.68,4.45,0.53,0.07,4.52,2589,5967,880,97.81
1370,14,PP,16,3,one,2b_5,190609,3.65,1.47,18.27,56.39,8.36,4.20,0.57,0.12,4.53,2762,5477,447,98.42
1371,14,PP,16,3,one,2b_4,190609,3.52,1.31,18.67,56.88,8.78,4.12,0.55,0.17,4.45,2953,6143,961,99.46
1372,14,PP,16,3,one,2b_3,190609,3.24,1.44,18.67,56.97,8.50,4.30,0.52,0.11,4.86,2421,6193,453,99.50
1373,14,PP,16,3,one,2b_2,190609,3.68,1.24,18.86,57.15,8.65,4.00,0.53,0.11,4.72,2536,5575,294,99.77
1374,14,PP,16,3,one,2b_1,190609,3.42,1.31,18.76,57.18,8.64,3.99,0.51,0.11,4.74,2857,5817,773,99.61
1375,14,PP,16,3,one,VF3-2-21,290509,3.46,0.92,18.04,54.95,8.48,3.39,0.44,0.06,4.17,,,,93.91
1376,14,PP,16,3,one,VF3-2-20,290509,3.52,1.03,18.24,56.13,8.73,3.37,0.44,0.14,4.32,,,,95.91
1377,14,PP,16,3,one,VF3-2-19,290509,3.27,1.12,17.86,54.15,7.96,3.61,0.50,0.16,4.35,,,,92.98
1378,14,PP,16,3,one,VF3-2-18,290509,3.49,1.20,18.59,56.80,8.14,3.94,0.48,0.08,4.47,,,,97.19
1379,14,PP,16,3,one,VF3-2-17,290509,3.54,1.24,18.77,56.57,8.29,4.04,0.56,0.19,4.68,,,,97.89
1380,14,PP,16,3,one,VF3-2-16,290509,3.51,1.23,17.96,54.73,7.84,3.67,0.46,0.13,4.57,,,,94.08
1381,14,PP,16,3,one,VF3-2-15,290509,3.90,1.09,18.39,57.05,8.93,3.46,0.43,0.18,5.21,,,,98.65
1382,14,PP,16,3,one,VF3-2-14,290509,3.71,1.03,18.89,57.88,8.97,3.68,0.47,0.08,4.23,,,,98.93
1383,14,PP,16,3,one,VF3-2-12,290509,3.48,1.00,17.32,53.66,8.31,3.27,0.48,0.16,4.12,,,,91.80
1384,14,PP,16,3,one,VF3-2-10,290509,3.49,1.11,18.54,57.41,8.65,3.57,0.50,0.19,4.29,,,,97.76
1385,14,PP,16,3,one,VF3-2-9,290509,3.64,1.06,18.60,57.36,9.01,3.54,0.51,0.15,4.39,,,,98.26
1386,14,PP,16,3,one,VF3-2-8,290509,3.62,0.90,18.07,55.42,8.74,3.29,0.50,0.15,4.17,,,,94.86
1387,14,PP,16,3,one,VF3-2-7,290509,3.48,1.05,18.62,57.50,8.58,3.70,0.49,0.18,4.22,,,,97.82
1388,14,PP,16,3,one,VF3-2-6,290509,3.56,0.99,17.92,55.45,8.63,3.40,0.45,0.09,4.29,,,,94.77
1389,14,PP,16,3,one,VF3-2-4,290509,3.58,1.05,18.63,56.77,8.83,3.41,0.46,0.13,4.29,,,,97.16
1390,14,PP,16,3,one,VF3-2-3,290509,3.57,1.03,18.45,57.34,8.79,3.50,0.47,0.15,4.28,,,,97.57
1391,14,PP,16,3,one,VF3-2-2,290509,3.48,1.26,17.53,53.27,8.43,3.79,0.51,0.12,4.34,,,,92.73
1392,14,PP,16,3,one,VF3-2-1,290509,3.47,1.00,18.79,57.50,8.85,3.69,0.46,0.12,4.33,,,,98.20
1393,14,PP,16,3,one,VF4?-4-19,300509,3.79,1.25,18.04,55.83,7.54,4.31,0.50,0.13,4.68,,,,96.08
1394,14,PP,16,3,one,VF4?-4-18,300509,3.76,1.25,18.08,55.79,7.71,4.25,0.50,0.10,4.67,,,,96.11
1395,14,PP,16,3,one,VF4?-4-17,300509,2.98,1.24,18.53,56.37,8.30,4.13,0.52,0.09,4.82,,,,97.00
1396,14,PP,16,3,one,VF4?-4-16,300509,3.94,1.15,17.96,55.36,7.36,3.34,0.47,0.18,4.91,,,,94.68
1397,14,PP,16,3,one,VF4?-4-15,300509,3.85,1.12,18.26,56.13,7.42,3.66,0.53,0.13,4.52,,,,95.61
1398,14,PP,16,3,one,VF4?-4-11,300509,2.84,1.18,17.37,53.46,8.11,3.82,0.47,0.11,4.67,,,,92.04
1399,14,PP,16,3,one,VF4?-4-8,300509,3.32,1.20,18.37,56.24,8.61,3.65,0.49,0.10,4.85,,,,96.83
1400,14,PP,16,3,one,VF4?-4-7,300509,3.62,1.25,17.74,54.42,7.11,4.29,0.56,0.18,4.82,,,,93.99
1401,14,PP,16,3,one,VF4?-4-6,300509,3.95,1.09,18.35,55.21,7.31,3.87,0.54,0.15,4.29,,,,94.76
1402,14,PP,16,3,one,VF4?-4-4,300509,3.95,1.25,18.31,55.73,7.74,3.87,0.49,0.11,4.72,,,,96.17
1403,14,PP,16,3,one,VF4?-4-2,300509,4.11,1.19,17.64,54.51,7.46,3.67,0.52,0.12,4.47,,,,93.68
1404,14,PP,16,3,one,VF4?-4-1,300509,3.90,1.23,17.85,54.07,7.38,3.80,0.51,0.21,4.34,,,,93.31
1405,14,PP,16,3,one,VF4?-5-20,300509,3.36,1.12,18.48,57.01,8.76,3.68,0.49,0.19,4.30,,,,97.40
1406,14,PP,16,3,one,VF4?-5-19,300509,3.47,1.03,18.61,57.10,8.86,3.60,0.50,0.11,4.30,,,,97.58
1407,14,PP,16,3,one,VF4?-5-18,300509,3.35,1.03,18.40,56.85,8.88,3.65,0.48,0.20,4.23,,,,97.08
1408,14,PP,16,3,one,VF4?-5-17,300509,3.58,1.08,18.14,54.84,8.87,3.62,0.47,0.17,4.32,,,,95.11
1409,14,PP,16,3,one,VF4?-5-16,300509,3.48,1.07,18.54,56.84,9.05,3.66,0.47,0.18,4.36,,,,97.64
1410,14,PP,16,3,one,VF4?-5-15,300509,3.39,1.12,18.54,55.85,8.94,3.80,0.49,0.08,4.35,,,,96.56
1411,14,PP,16,3,one,VF4?-5-14,300509,3.69,1.08,18.41,57.28,9.02,3.50,0.48,0.18,4.29,,,,97.92
1412,14,PP,16,3,one,VF4?-5-13,300509,3.53,1.08,18.49,56.87,8.69,3.64,0.51,0.16,4.50,,,,97.46
1413,14,PP,16,3,one,VF4?-5-11,300509,3.45,1.06,18.19,56.00,8.70,3.59,0.47,0.15,4.55,,,,96.14
1414,14,PP,16,3,one,VF4?-5-10,300509,3.71,1.07,18.58,56.31,9.10,3.61,0.47,0.17,4.01,,,,97.02
1415,14,PP,16,3,one,VF4?-5-9,300509,3.67,1.05,18.51,56.00,8.94,3.67,0.51,0.15,4.48,,,,96.99
1416,14,PP,16,3,one,VF4?-5-8,300509,3.61,1.10,18.48,56.43,9.02,3.68,0.48,0.14,4.52,,,,97.46
1417,14,PP,16,3,one,VF4?-5-7,300509,3.42,1.09,18.37,55.55,8.89,3.57,0.50,0.12,4.15,,,,95.67
1418,14,PP,16,3,one,VF4?-5-6,300509,3.88,1.02,18.50,56.86,8.90,3.44,0.52,0.13,4.21,,,,97.46
1419,14,PP,16,3,one,VF4?-5-5,300509,3.70,1.07,18.39,56.37,8.87,3.69,0.45,0.24,4.44,,,,97.23
1420,14,PP,16,3,one,VF4?-5-4,300509,3.61,1.03,18.62,56.74,8.70,3.60,0.48,0.13,4.39,,,,97.30
1421,14,PP,16,3,one,VF4?-5-3,300509,3.47,0.93,18.23,56.96,8.76,3.57,0.47,0.17,4.12,,,,96.67
1422,14,PP,16,3,one,VF4?-5-2,300509,3.44,1.12,18.30,56.73,8.87,3.64,0.42,0.12,4.70,,,,97.34
1423,14,PP,16,3,one,VF4?-5-1,300509,3.64,1.13,18.75,56.80,8.79,3.65,0.45,0.17,4.39,,,,97.76
1424,14,PP,16,3,one,VF4?-3-20,300509,3.48,1.60,17.87,56.28,8.43,4.74,0.46,0.16,4.54,,,,97.56
1425,14,PP,16,3,one,VF4?-3-19,300509,3.73,1.27,17.98,56.43,8.75,4.13,0.47,0.09,4.04,,,,96.88
1426,14,PP,16,3,one,VF4?-3-18,300509,3.32,0.99,18.49,56.28,8.98,3.57,0.48,0.10,4.28,,,,96.48
1427,14,PP,16,3,one,VF4?-3-17,300509,3.27,0.99,18.36,56.64,8.84,3.66,0.50,0.12,4.43,,,,96.81
1428,14,PP,16,3,one,VF4?-3-15,300509,3.07,1.13,18.30,56.88,9.29,3.37,0.45,0.10,4.05,,,,96.63
1429,14,PP,16,3,one,VF4?-3-14,300509,3.44,1.04,18.36,56.81,8.77,3.69,0.45,0.13,4.38,,,,97.07
1430,14,PP,16,3,one,VF4?-3-11,300509,3.44,1.00,18.15,56.66,8.95,3.42,0.43,0.21,4.15,,,,96.42
1431,14,PP,16,3,one,VF4?-3-9,300509,3.52,0.98,18.55,57.13,8.93,3.60,0.44,0.12,4.45,,,,97.72
1432,14,PP,16,3,one,VF4?-3-8,300509,3.37,1.03,18.66,56.93,8.78,3.75,0.50,0.12,4.26,,,,97.41
1433,14,PP,16,3,one,VF4?-3-7,300509,3.58,1.09,18.55,56.58,8.98,3.69,0.51,0.16,4.50,,,,97.62
1434,14,PP,16,3,one,VF4?-3-6,300509,3.66,1.04,18.48,56.57,8.91,3.67,0.44,0.17,4.33,,,,97.28
1435,14,PP,16,3,one,VF4?-3-5,300509,3.33,1.06,18.17,56.21,8.72,3.66,0.42,0.14,4.11,,,,95.83
1436,14,PP,16,3,one,VF4?-3-4,300509,3.41,1.00,18.01,55.17,8.72,3.49,0.49,0.11,4.10,,,,94.50
1437,14,PP,16,3,one,VF4?-3-3,300509,3.45,1.11,18.44,56.75,8.97,3.68,0.47,0.10,4.18,,,,97.13
1438,14,PP,16,3,one,VF4?-3-2,300509,3.34,0.96,18.18,56.16,8.69,3.37,0.48,0.11,4.26,,,,95.55
1439,14,PP,16,3,one,VF1-7-20,310509,3.63,1.21,18.27,56.36,8.78,3.93,0.45,0.15,4.37,,,,97.14
1440,14,PP,16,3,one,VF1-7-19,310509,3.43,1.37,18.31,56.05,8.60,4.05,0.47,0.09,4.59,,,,96.94
1441,14,PP,16,3,one,VF1-7-18,310509,3.51,1.26,18.16,55.44,8.45,4.04,0.55,0.17,4.26,,,,95.84
1442,14,PP,16,3,one,VF1-7-17,310509,3.65,1.51,18.60,55.91,8.13,4.68,0.49,0.09,4.73,,,,97.80
1443,14,PP,16,3,one,VF1-7-16,310509,3.32,1.27,18.18,56.03,8.57,4.07,0.46,0.10,4.61,,,,96.61
1444,14,PP,16,3,one,VF1-7-15,310509,3.61,1.45,18.33,55.83,8.38,4.16,0.55,0.07,4.73,,,,97.09
1445,14,PP,16,3,one,VF1-7-13,310509,3.46,1.14,17.86,54.29,9.18,4.32,0.44,0.18,4.45,,,,95.32
1446,14,PP,16,3,one,VF1-7-10,310509,3.97,1.41,18.26,55.55,7.46,4.22,0.52,0.17,4.86,,,,96.43
1447,14,PP,16,3,one,VF1-7-8,310509,3.41,1.42,18.17,55.36,8.69,4.21,0.51,0.16,4.44,,,,96.37
1448,14,PP,16,3,one,VF1-7-7,310509,3.56,1.51,18.12,55.91,8.16,4.30,0.54,0.12,4.80,,,,97.03
1449,14,PP,16,3,one,VF1-7-6,310509,3.49,1.32,18.27,55.91,8.61,3.96,0.52,0.11,4.65,,,,96.85
1450,14,PP,16,3,one,VF1-7-5,310509,3.40,1.39,18.44,55.25,8.59,4.00,0.51,0.14,4.67,,,,96.40
1451,14,PP,16,3,one,VF1-7-4,310509,3.60,1.39,18.32,55.53,8.12,4.43,0.50,0.16,4.80,,,,96.85
1452,14,PP,16,3,one,VF1-7-3,310509,3.27,1.04,18.21,55.60,8.95,3.56,0.41,0.06,4.09,,,,95.19
1453,14,PP,16,3,one,VF1-7-2,310509,3.43,1.54,18.15,55.79,8.13,4.20,0.51,0.13,4.64,,,,96.52
1454,14,PP,16,3,one,VF1-7-1,310509,3.67,1.26,18.52,55.74,8.55,3.82,0.53,0.15,4.26,,,,96.50
1455,14,PP,16,3,one,CF2_1,291109,3.29,1.57,18.41,56.28,8.39,4.50,0.52,0.09,5.01,2371,6195,1637,99.07
1456,14,PP,16,3,one,CF2_10,291109,3.17,1.31,18.39,56.37,8.91,4.44,0.56,0.10,4.59,2207,6568,551,98.78
1457,14,PP,16,3,one,CF2_11,291109,3.48,1.27,18.62,56.35,8.84,4.19,0.56,0.19,4.72,2233,6117,807,99.13
1458,14,PP,16,3,one,CF2_12,291109,3.73,1.32,18.31,56.52,8.50,4.16,0.46,0.10,4.54,2240,6503,1961,98.71
1459,14,PP,16,3,one,CF2_2,291109,3.29,1.46,18.09,56.83,8.69,4.35,0.51,0.12,4.51,2274,5900,1287,98.78
1460,14,PP,16,3,one,CF2_3,291109,3.35,1.29,18.67,56.47,8.62,4.22,0.58,0.18,4.57,2098,5351,1605,98.85
1461,14,PP,16,3,one,CF2_4,291109,3.45,1.47,18.51,56.29,8.68,4.24,0.55,0.21,4.74,2264,6420,1497,99.16
1462,14,PP,16,3,one,CF2_5,291109,3.54,1.34,18.66,56.71,8.76,4.36,0.59,0.09,4.71,2226,6189,1081,99.71
1463,14,PP,16,3,one,CF2_6,291109,3.38,1.47,18.66,55.96,8.43,4.41,0.56,0.13,4.90,2753,6049,1183,98.89
1464,14,PP,16,3,one,CF2_8,291109,3.54,1.32,18.79,56.32,8.61,4.22,0.53,0.15,4.56,2419,6429,1843,99.10
1465,14,PP,16,3,one,CF2_9,291109,3.44,1.29,18.55,56.26,8.80,4.15,0.57,0.13,4.75,2633,5973,1787,98.97
1466,14,PP,16,3,one,CF20_1,011209,3.35,1.01,18.97,57.36,9.31,3.89,0.47,0.23,4.58,2276,6251,1529,100.17
1467,14,PP,16,3,one,CF20a_10,011209,3.44,1.08,18.90,57.60,9.11,3.91,0.46,0.18,4.27,1632,6576,1481,99.92
1468,14,PP,16,3,one,CF20a_2,011209,3.48,1.02,18.92,57.55,9.24,3.94,0.47,0.09,4.15,2286,6349,1089,99.84
1469,14,PP,16,3,one,CF20a_3,011209,3.82,1.04,18.99,57.44,9.47,3.89,0.56,0.19,4.31,2199,6488,927,100.67
1470,14,PP,16,3,one,CF20a_4,011209,3.37,1.08,18.82,57.57,9.23,3.86,0.50,0.10,4.55,2720,6713,1076,100.14
1471,14,PP,16,3,one,CF20a_5,011209,3.59,1.02,19.14,57.48,9.45,3.80,0.54,0.19,4.12,1671,6303,951,100.23
1472,14,PP,16,3,one,CF20a_6,011209,3.52,1.06,18.96,57.76,9.24,4.00,0.47,0.21,4.14,2120,6645,776,100.33
1473,14,PP,16,3,one,CF20a_7,011209,3.37,1.03,18.65,57.44,9.19,3.89,0.46,0.16,4.25,2056,6257,910,99.37
1474,14,PP,16,3,one,CF20a_8,011209,3.68,1.04,18.85,57.29,9.23,3.80,0.55,0.23,4.33,2722,6082,1038,99.98
1475,14,PP,16,3,one,CF20a_9,011209,3.58,1.04,18.90,57.77,9.30,3.74,0.54,0.11,4.38,1756,6197,731,100.22
1476,14,PP,16,3,one,CF20b_1,011209,3.56,1.29,19.44,56.49,9.15,3.72,0.58,0.10,4.77,3786,5605,2477,100.27
1477,14,PP,16,3,one,CF20b_2,011209,3.37,1.27,19.18,56.98,8.64,4.13,0.56,0.22,5.03,3309,6005,2146,100.53
1478,14,PP,16,3,one,CF20b_3,011209,3.75,1.22,18.24,57.94,8.81,3.96,0.60,0.07,4.66,2786,5157,1664,100.21
1479,14,PP,16,3,one,CF20b_4,011209,3.77,1.37,19.03,57.27,8.68,4.26,0.57,0.16,4.73,2952,6681,1335,100.92
1480,14,PP,16,3,one,CF20c_1,011209,3.42,1.02,19.10,58.13,9.49,3.61,0.55,0.15,4.14,2618,5751,529,100.50
1481,14,PP,16,3,one,CF20c_10,011209,3.45,1.00,19.14,56.61,9.33,3.77,0.49,0.10,4.46,2885,6365,2230,99.51
1482,14,PP,16,3,one,CF20c_11,011209,3.14,1.02,18.96,57.33,9.30,3.76,0.38,0.15,4.33,2884,6193,1579,99.45
1483,14,PP,16,3,one,CF20c_2,011209,3.77,1.03,19.00,56.47,9.29,3.85,0.55,0.17,4.35,2074,6881,1563,99.55
1484,14,PP,16,3,one,CF20c_3,011209,3.54,1.05,18.92,57.30,9.09,3.81,0.46,0.18,4.53,2704,6408,516,99.83
1485,14,PP,16,3,one,CF20c_4,011209,3.56,1.07,19.22,57.24,9.15,4.12,0.53,0.05,4.44,2326,6728,1507,100.44
1486,14,PP,16,3,one,CF20c_5,011209,3.49,1.06,19.10,57.86,9.35,3.84,0.55,0.14,4.64,2587,6512,1022,101.06
1487,14,PP,16,3,one,CF20c_6,011209,3.52,1.05,18.83,57.84,9.34,3.85,0.51,0.15,4.40,2081,6330,1612,100.49
1488,14,PP,16,3,one,CF20c_7,011209,3.38,1.03,19.13,58.15,9.19,3.84,0.54,0.13,4.64,3061,6602,862,101.08
1489,14,PP,16,3,one,CF20c_9,011209,3.54,1.09,19.08,57.33,9.33,3.85,0.54,0.11,4.50,1933,6194,638,100.25
1490,14,PP,16,3,one,CF6a_1,011209,3.62,1.18,18.65,56.32,8.94,3.97,0.51,0.18,4.63,2634,6257,988,99.01
1491,14,PP,16,3,one,CF6a_10,011209,3.28,1.04,18.44,56.75,9.15,3.97,0.55,0.01,4.51,2315,6506,1468,98.73
1492,14,PP,16,3,one,CF6a_2,011209,3.57,1.04,18.57,57.24,9.00,3.95,0.56,0.23,4.24,2540,6251,686,99.34
1493,14,PP,16,3,one,CF6a_3,011209,3.58,1.06,18.54,57.09,9.19,3.81,0.55,0.10,4.34,2605,6697,1568,99.36
1494,14,PP,16,3,one,CF6a_4,011209,3.46,1.09,18.55,56.58,9.26,3.95,0.54,0.26,4.58,2141,6107,1415,99.25
1495,14,PP,16,3,one,CF6a_5,011209,3.32,1.14,18.66,56.94,9.12,3.91,0.53,0.07,4.53,2623,6335,1016,99.20
1496,14,PP,16,3,one,CF6a_6,011209,3.46,1.15,18.65,56.91,9.00,3.82,0.59,0.17,4.31,2154,6154,682,98.96
1497,14,PP,16,3,one,CF6a_7,011209,3.72,1.13,18.69,56.88,9.10,3.89,0.49,0.15,4.52,2578,6303,1122,99.56
1498,14,PP,16,3,one,CF6a_8,011209,3.45,1.09,18.12,56.89,9.14,3.88,0.54,0.15,4.47,2866,5999,1109,98.72
1499,14,PP,16,3,one,CF6a_9,011209,3.50,1.06,18.62,57.40,9.17,3.73,0.52,0.13,4.47,1695,6008,1115,99.49
1500,14,PP,16,3,one,CF6b_1,011209,3.61,1.00,18.49,56.81,9.08,3.60,0.54,0.15,3.99,1848,6190,1303,98.19
1501,14,PP,16,3,one,CF6b_2,011209,3.59,0.99,18.02,56.13,8.38,3.42,0.51,0.20,4.11,2329,6111,2029,96.39
1502,14,PP,16,3,one,CF6b_3,011209,3.54,1.04,18.20,55.02,8.90,3.54,0.50,0.12,4.37,2417,6363,779,96.18
1503,14,PP,16,3,one,CF6b_4,011209,3.57,0.99,18.29,54.99,8.69,3.51,0.49,0.18,4.06,2045,6077,421,95.63
1504,14,PP,16,3,one,CF6b_5,011209,3.49,0.95,18.27,56.91,9.12,3.53,0.50,0.14,4.32,2044,6404,1350,98.22
1505,14,PP,16,3,one,CF6b_6,011209,3.24,0.96,18.02,56.06,8.78,3.62,0.49,0.10,4.10,1864,6304,1959,96.36
1506,14,PP,16,3,one,CF6b_7,011209,3.46,0.97,18.44,56.99,9.13,3.63,0.52,0.07,4.24,1882,6361,1907,98.46
1507,13,Gaiola,0,3,one,cf109a_2,200110,3.70,0.64,18.78,56.82,9.21,2.97,0.40,0.15,3.37,1433,6616,,96.83
1508,13,Gaiola,0,3,one,cf109a_7,200110,3.65,0.59,18.59,57.15,9.17,2.90,0.46,0.10,3.66,1103,6838,,97.07
1509,13,Gaiola,0,3,one,cf109a_3,200110,3.61,0.64,18.83,57.23,9.23,3.03,0.42,0.16,3.78,1165,6380,,97.69
1510,13,Gaiola,0,3,one,cf109a_1,200110,3.56,0.65,18.86,57.51,9.40,3.06,0.42,0.13,3.49,1395,7137,,97.93
1511,13,Gaiola,0,3,one,cf109b_2,200110,4.27,0.71,18.80,58.36,8.19,2.80,0.48,0.12,4.36,1137,6282,,98.84
1512,13,Gaiola,0,3,one,cf109a_4,200110,3.73,0.62,19.30,58.64,9.53,3.01,0.43,0.11,3.74,1183,7004,,99.92
1513,13,Gaiola,0,3,one,cf109a_5,200110,3.69,1.45,18.65,57.94,8.89,4.65,0.51,0.14,4.07,1151,6944,,100.80
1514,12,Soccavo 1,17,3,one,cf39_1,150809,3.31,0.75,18.10,56.10,8.87,3.20,0.43,0.13,3.96,,,,94.84
1515,12,Soccavo 1,17,3,one,cf39_2,150809,3.36,0.72,18.16,56.76,9.48,2.91,0.47,0.16,3.85,,,,95.88
1516,12,Soccavo 1,17,3,one,cf39_3,150809,3.56,0.75,18.78,57.87,9.20,3.04,0.44,0.13,3.77,,,,97.55
1517,12,Soccavo 1,17,3,one,cf39_5,150809,3.39,0.73,17.98,56.75,8.90,3.10,0.46,0.09,3.60,,,,95.00
1518,12,Soccavo 1,17,3,one,cf39_6,150809,3.16,0.75,17.63,55.05,8.87,3.07,0.40,0.12,3.82,,,,92.87
1519,12,Soccavo 1,17,3,one,cf39_7,150809,3.42,0.81,18.73,56.46,9.05,2.88,0.54,0.18,3.83,,,,95.89
1520,12,Soccavo 1,17,3,one,VF5?-3-20,290509,3.32,0.82,18.03,56.58,9.24,3.05,0.43,0.15,3.87,,,,95.48
1521,12,Soccavo 1,17,3,one,VF5?-3-17,290509,3.48,0.71,18.18,56.52,9.02,3.01,0.46,0.06,3.77,,,,95.21
1522,12,Soccavo 1,17,3,one,VF5?-3-15,290509,3.75,0.75,18.12,56.85,9.50,3.02,0.50,0.17,3.81,,,,96.47
1523,12,Soccavo 1,17,3,one,VF5?-3-13,290509,3.52,0.69,17.08,54.17,9.06,2.88,0.41,0.16,3.71,,,,91.67
1524,12,Soccavo 1,17,3,one,VF5?-3-12,290509,3.57,0.66,17.51,54.75,9.07,2.72,0.39,0.13,3.53,,,,92.32
1525,12,Soccavo 1,17,3,one,VF5?-3-11,290509,3.49,0.74,17.62,54.29,8.83,2.93,0.42,0.23,3.61,,,,92.17
1526,12,Soccavo 1,17,3,one,VF5?-3-10,290509,3.25,0.72,17.65,55.14,8.84,2.79,0.45,0.13,3.44,,,,92.41
1527,12,Soccavo 1,17,3,one,VF5?-3-9,290509,3.47,0.72,17.92,56.86,9.14,2.94,0.42,0.11,3.81,,,,95.40
1528,12,Soccavo 1,17,3,one,VF5?-3-6,290509,3.28,0.74,18.17,56.50,9.07,2.97,0.44,0.07,3.74,,,,94.99
1529,12,Soccavo 1,17,3,one,VF5?-3-5,290509,3.40,0.74,18.17,56.48,9.18,3.09,0.42,0.19,3.66,,,,95.32
1530,12,Soccavo 1,17,3,one,VF5?-3-4,290509,3.17,0.76,17.42,54.89,8.89,2.94,0.42,0.09,3.71,,,,92.29
1531,12,Soccavo 1,17,3,one,VF5?-3-3,290509,3.40,0.72,18.53,56.74,9.46,2.99,0.42,0.13,3.74,,,,96.12
1532,12,Soccavo 1,17,3,one,VF5?-3-2,290509,3.71,0.75,18.09,56.20,9.17,2.85,0.45,0.10,3.69,,,,95.01
1533,12,Soccavo 1,17,3,one,VF5?-3-1,290509,3.55,0.83,18.19,56.65,9.39,3.26,0.41,0.13,4.01,,,,96.40
1534,12,Soccavo 1,17,3,one,cf7pum_11,230110,3.07,1.09,17.29,54.23,8.60,3.66,0.55,0.13,3.95,2376,6260,,93.43
1535,12,Soccavo 1,17,3,one,cf7pum_12,230110,3.43,0.81,18.19,56.51,9.20,3.14,0.44,0.08,3.95,1182,6342,,96.51
1536,12,Soccavo 1,17,3,one,cf7pum_13,230110,3.54,0.98,18.40,58.02,9.32,3.61,0.52,0.09,4.24,1624,6507,,99.53
1537,12,Soccavo 1,17,3,one,cf7pum_15,230110,3.35,0.91,17.57,55.01,8.78,3.32,0.52,0.14,3.84,1723,6216,,94.22
1538,12,Soccavo 1,17,3,one,cf7pum_16,230110,3.52,0.94,18.31,56.79,9.27,3.37,0.54,0.09,4.11,2122,6246,,97.78
1539,12,Soccavo 1,17,3,one,cf7pum_17,230110,3.38,0.89,17.77,54.68,8.59,3.39,0.49,0.13,3.98,2041,6581,,94.17
1540,12,Soccavo 1,17,3,one,cf7pum_18,230110,3.71,0.89,18.38,57.92,9.57,3.27,0.55,0.17,4.10,1481,6348,,99.34
1541,12,Soccavo 1,17,3,one,cf7pum_19,230110,3.45,1.00,18.31,55.83,9.04,3.47,0.48,0.12,4.14,1876,6417,,96.67
1542,12,Soccavo 1,17,3,one,cf7pum_20,230110,3.29,1.04,17.64,55.52,8.93,3.48,0.50,0.15,4.22,2040,6417,,95.63
1543,12,Soccavo 1,17,3,one,CF7_1,140810,3.45,1.25,18.74,55.58,8.74,3.96,0.51,0.13,4.57,2424,,,97.18
1544,12,Soccavo 1,17,3,one,CF7_10,140810,3.13,0.88,17.23,52.32,8.57,3.42,0.44,0.18,3.85,1933,,,90.22
1545,12,Soccavo 1,17,3,one,CF7_11,140810,3.63,0.80,18.80,56.68,9.38,3.35,0.47,0.18,4.13,1484,,,97.58
1546,12,Soccavo 1,17,3,one,CF7_12,140810,3.45,0.72,18.45,55.87,9.42,3.14,0.44,0.18,3.92,1077,,,95.70
1547,12,Soccavo 1,17,3,one,CF7_13,140810,3.80,0.53,18.12,56.91,9.04,2.69,0.44,0.14,3.35,928,,,95.12
1548,12,Soccavo 1,17,3,one,CF7_14,140810,3.90,0.65,18.78,59.66,8.98,2.78,0.46,0.21,3.64,1161,,,99.18
1549,12,Soccavo 1,17,3,one,CF7_15,140810,4.18,0.50,18.22,57.49,8.73,2.71,0.42,0.16,3.41,649,,,95.88
1550,12,Soccavo 1,17,3,one,CF7_2,140810,3.45,1.20,18.57,55.87,8.51,3.92,0.56,0.10,4.68,2632,,,97.13
1551,12,Soccavo 1,17,3,one,CF7_3,140810,3.22,1.06,17.81,54.23,8.57,3.64,0.57,0.04,4.53,1904,,,93.85
1552,12,Soccavo 1,17,3,one,CF7_4,140810,3.57,0.73,18.98,56.79,9.54,3.10,0.46,0.01,3.97,1561,,,97.30
1553,12,Soccavo 1,17,3,one,CF7_5,140810,3.27,1.03,18.52,55.33,8.96,3.69,0.55,0.12,4.68,1384,,,96.30
1554,12,Soccavo 1,17,3,one,CF7_6,140810,3.65,0.60,18.09,56.84,9.24,2.83,0.44,0.13,3.56,956,,,95.47
1555,12,Soccavo 1,17,3,one,CF7_7,140810,3.51,0.79,18.82,57.15,9.47,3.17,0.48,0.13,4.13,1034,,,97.75
1556,12,Soccavo 1,17,3,one,CF7_8,140810,3.51,0.68,18.56,56.81,9.35,2.97,0.47,0.05,3.73,924,,,96.21
1557,12,Soccavo 1,17,3,one,CF7_9,140810,3.60,0.92,19.01,56.96,9.22,3.53,0.50,0.09,4.35,1373,,,98.32
1558,11,Paradiso,0,3,one,CF14_1,130809,3.75,1.02,19.03,57.09,8.35,3.37,0.54,0.14,4.42,,,,97.71
1559,11,Paradiso,0,3,one,CF14_2,130809,3.72,1.04,18.46,57.91,8.01,3.53,0.47,0.09,4.68,,,,97.91
1560,11,Paradiso,0,3,one,CF14_3,130809,4.01,1.06,18.18,57.59,7.80,3.22,0.50,0.16,4.37,,,,96.88
1561,11,Paradiso,0,3,one,CF14_5,130809,3.59,1.14,18.67,58.01,8.23,3.58,0.52,0.10,4.58,,,,98.41
1562,11,Paradiso,0,3,one,CF14_6,130809,3.63,1.07,18.59,57.20,8.37,3.39,0.42,0.15,4.54,,,,97.36
1563,11,Paradiso,0,3,one,vf14-2,240709,3.53,1.07,16.82,55.14,7.63,3.38,0.47,0.11,4.22,,,,92.39
1564,11,Paradiso,0,3,one,vf14-3,240709,3.62,1.08,16.98,53.93,7.77,3.24,0.47,0.10,4.02,,,,91.22
1565,11,Paradiso,0,3,one,vf14-4,240709,3.68,1.13,17.83,56.97,7.82,3.37,0.51,0.13,4.22,,,,95.65
1566,11,Paradiso,0,3,one,vf14-5,240709,3.50,1.10,18.13,58.02,8.14,3.51,0.53,0.09,4.34,,,,97.35
1567,11,Paradiso,0,3,one,vf14-6,240709,3.75,1.12,18.02,57.62,8.25,3.53,0.54,0.18,4.48,,,,97.48
1568,11,Paradiso,0,3,one,vf14-7,240709,3.78,1.10,18.22,57.70,8.04,3.43,0.50,0.16,4.51,,,,97.43
1569,11,Paradiso,0,3,one,vf14-8,240709,3.67,1.16,18.11,57.57,8.29,3.36,0.51,0.14,4.35,,,,97.16
1570,11,Paradiso,0,3,one,vf14-9,240709,3.85,1.09,18.03,57.74,8.26,3.43,0.51,0.08,4.34,,,,97.34
1571,11,Paradiso,0,3,one,vf14-10,240709,4.39,1.22,18.04,57.36,8.34,3.60,0.50,0.16,4.68,,,,98.31
1572,11,Paradiso,0,3,one,vf14-11,240709,3.79,1.05,18.23,57.55,8.28,3.43,0.55,0.17,4.42,,,,97.48
1573,11,Paradiso,0,3,one,vf14-12,240709,3.80,1.08,18.08,58.06,8.05,3.68,0.49,0.13,4.65,,,,98.04
1574,11,Paradiso,0,3,one,vf14-13,240709,3.85,1.09,18.35,57.39,8.38,3.29,0.49,0.16,4.29,,,,97.29
1575,11,Paradiso,0,3,one,vf14-14,240709,3.31,1.02,17.80,56.47,8.00,3.24,0.42,0.04,4.25,,,,94.54
1576,11,Paradiso,0,3,one,vf14-16,240709,3.60,1.14,17.89,57.20,8.05,3.48,0.50,0.06,4.39,,,,96.32
1577,11,Paradiso,0,3,one,vf14-17,240709,3.49,1.16,17.95,56.62,8.23,3.44,0.44,0.18,4.41,,,,95.90
1578,11,Paradiso,0,3,one,vf14-18,240709,3.73,1.12,18.38,58.59,8.30,3.55,0.44,0.08,4.15,,,,98.33
1579,11,Paradiso,0,3,one,vf14-19,240709,3.64,1.07,18.46,57.85,8.14,3.25,0.60,0.12,4.24,,,,97.36
1580,11,Paradiso,0,3,one,vf14-20,240709,3.66,1.02,18.42,58.02,8.35,3.43,0.50,0.07,4.31,,,,97.78
1581,11,Paradiso,0,3,one,cf15-1,250709,3.71,1.12,18.41,57.86,8.18,3.45,0.59,0.17,4.57,,,,98.06
1582,11,Paradiso,0,3,one,cf15-2,250709,3.77,1.16,18.24,57.41,7.96,3.60,0.50,0.18,4.33,,,,97.16
1583,11,Paradiso,0,3,one,cf15-3,250709,3.51,0.95,16.48,52.27,7.67,3.10,0.42,0.09,3.62,,,,88.11
1584,11,Paradiso,0,3,one,cf15-4,250709,3.87,1.14,18.56,57.86,8.12,3.44,0.49,0.09,4.41,,,,97.99
1585,11,Paradiso,0,3,one,cf15-5,250709,3.45,1.16,18.47,57.71,8.11,3.37,0.58,0.14,4.55,,,,97.53
1586,11,Paradiso,0,3,one,cf15-6,250709,3.60,1.17,18.49,57.10,8.11,3.29,0.53,0.09,4.56,,,,96.93
1587,11,Paradiso,0,3,one,cf15-7,250709,3.51,1.12,18.71,57.72,8.25,3.45,0.50,0.17,4.57,,,,98.02
1588,11,Paradiso,0,3,one,cf15-8,250709,3.66,1.14,18.43,57.97,8.26,3.43,0.49,0.15,4.48,,,,98.01
1589,11,Paradiso,0,3,one,cf15-9,250709,3.65,1.13,18.53,58.11,8.23,3.40,0.57,0.20,4.37,,,,98.19
1590,11,Paradiso,0,3,one,cf15-10,250709,3.58,1.06,17.90,56.64,8.07,3.37,0.51,0.11,4.24,,,,95.48
1591,11,Paradiso,0,3,one,cf15-12,250709,3.35,1.04,17.08,53.76,7.58,3.26,0.59,0.12,4.29,,,,91.05
1592,11,Paradiso,0,3,one,cf15-13,250709,3.58,1.12,18.76,58.33,8.13,3.55,0.54,0.24,4.39,,,,98.64
1593,11,Paradiso,0,3,one,cf15-15,250709,3.67,1.23,18.58,57.79,8.11,3.52,0.52,0.11,4.69,,,,98.21
1594,11,Paradiso,0,3,one,cf15-16,250709,3.58,1.23,18.75,57.97,8.14,3.71,0.50,0.11,4.43,,,,98.43
1595,11,Paradiso,0,3,one,cf15-17,250709,3.51,1.15,18.47,57.88,8.06,3.46,0.52,0.13,4.53,,,,97.72
1596,11,Paradiso,0,3,one,cf15_1,301009,3.75,1.17,18.54,56.94,8.28,3.58,0.50,0.10,4.62,3041,6497,2085,98.64
1597,11,Paradiso,0,3,one,cf15_2,301009,3.70,1.17,18.15,57.34,8.35,3.47,0.55,0.08,4.52,3103,6184,1074,98.38
1598,11,Paradiso,0,3,one,cf15_3,301009,3.70,0.97,18.43,57.82,8.61,3.32,0.50,0.24,4.28,2698,6203,1421,98.89
1599,11,Paradiso,0,3,one,cf15_4,301009,3.30,1.14,17.48,54.64,8.15,3.55,0.53,0.12,4.44,2783,5812,1231,94.32
1600,11,Paradiso,0,3,one,cf15_5,301009,3.59,1.09,18.21,57.30,8.52,3.40,0.51,0.11,4.40,2416,6117,1434,98.13
1601,11,Paradiso,0,3,one,cf15_6,301009,3.80,1.22,18.27,57.14,8.55,3.48,0.54,0.13,4.58,2968,6540,75,98.68
1602,11,Paradiso,0,3,one,cf15_7,301009,3.92,1.14,18.43,57.80,8.42,3.56,0.51,0.18,4.40,2837,6139,726,99.32
1603,11,Paradiso,0,3,one,cf15_8,301009,3.49,1.10,17.90,57.71,8.42,3.52,0.52,0.17,4.28,2897,6128,0,98.01
1604,11,Paradiso,0,3,one,cf15_9,301009,3.49,1.18,18.03,56.32,8.08,3.39,0.60,0.11,4.65,2280,6193,1391,96.84
1605,11,Paradiso,0,3,one,cf15_10,301009,3.65,1.10,18.29,58.18,8.63,3.47,0.49,0.13,4.61,2932,6312,2242,99.70
1606,11,Paradiso,0,3,one,cf15_11,301009,3.69,1.14,18.18,57.72,8.52,3.45,0.56,0.11,4.40,2490,6021,2284,98.86
1607,11,Paradiso,0,3,one,cf15_12,301009,3.78,1.22,18.60,57.17,8.46,3.54,0.57,0.14,4.53,1991,6311,1478,98.98
1608,11,Paradiso,0,3,one,cf15_13,301009,3.59,1.22,18.25,57.14,8.26,3.42,0.51,0.05,4.36,2866,6541,1958,97.93
1609,11,Paradiso,0,3,one,cf14_1,301009,3.62,0.94,17.48,54.08,7.90,3.39,0.49,0.14,4.40,2305,5739,584,93.29
1610,11,Paradiso,0,3,one,cf14_2,301009,3.80,1.15,18.61,56.94,8.37,3.42,0.52,0.13,4.21,1969,6235,1497,98.11
1611,11,Paradiso,0,3,one,cf14_3,301009,3.84,1.09,18.18,57.82,8.40,3.33,0.58,0.09,4.83,2326,6354,606,99.08
1612,11,Paradiso,0,3,one,cf14_4,301009,3.72,1.18,18.53,57.14,8.39,3.55,0.54,0.17,4.74,2425,6477,2856,99.13
1613,11,Paradiso,0,3,one,cf14_5,301009,3.44,1.19,18.18,57.44,8.50,3.45,0.54,0.09,4.48,2190,6443,2088,98.37
1614,11,Paradiso,0,3,one,cf14_6,301009,3.53,1.18,18.71,56.93,8.35,3.50,0.61,0.13,4.75,2665,6433,2302,98.82
1615,11,Paradiso,0,3,one,cf14_7,301009,3.78,1.10,18.31,57.07,8.43,3.45,0.54,0.17,4.34,2227,6356,948,98.15
1616,11,Paradiso,0,3,one,cf14_8,301009,3.92,1.12,18.55,57.32,8.58,3.41,0.54,0.11,4.37,2771,6763,1209,98.99
1617,11,Paradiso,0,3,one,cf14_9,301009,3.56,1.22,18.21,57.14,8.22,3.75,0.53,0.14,4.39,2487,6772,1062,98.21
1618,11,Paradiso,0,3,one,cf14_10,301009,3.71,1.07,18.23,57.56,8.20,3.50,0.54,0.17,4.48,2320,6233,2289,98.55
1619,11,Paradiso,0,3,one,cf14_11,301009,3.50,1.12,18.49,57.78,8.62,3.45,0.50,0.09,4.59,2276,6294,828,99.08
1620,11,Paradiso,0,3,one,cf14_12,301009,3.10,1.11,18.64,57.04,8.41,3.39,0.55,0.07,4.23,3017,5910,703,97.51
1621,11,Paradiso,0,3,one,cf14_13,301009,3.38,1.06,18.69,58.04,8.65,3.34,0.53,0.12,4.30,2543,6177,1345,99.11
1622,11,Paradiso,0,3,one,cf14_14,301009,3.72,1.16,18.43,55.90,8.33,3.43,0.51,0.17,4.52,2105,6042,2193,97.19
1623,11,Paradiso,0,3,one,cf14_15,301009,3.57,1.15,18.02,57.50,8.44,3.42,0.58,0.17,4.43,3288,6429,0,98.26
1624,11,Paradiso,0,3,one,cf14_16,301009,3.74,1.07,18.18,57.87,8.48,3.50,0.58,0.08,4.51,2362,5861,1933,99.03
1625,10,Minopoli 1,0,3,one,13_20,210609,2.87,2.16,17.75,53.89,7.35,5.78,0.90,0.13,6.93,7381,4208,645,98.97
1626,10,Minopoli 1,0,3,one,13_19,210609,2.85,2.07,16.81,51.47,7.06,5.24,0.89,0.15,6.84,6278,4606,1689,94.62
1627,10,Minopoli 1,0,3,one,13_18,210609,2.90,2.14,17.49,53.94,7.13,5.71,1.00,0.15,7.29,6757,4544,1278,99.00
1628,10,Minopoli 1,0,3,one,13_16,210609,2.69,2.17,17.15,51.72,6.92,5.54,0.92,0.17,6.74,6478,4612,618,95.19
1629,10,Minopoli 1,0,3,one,13_15,210609,2.98,2.14,17.48,53.94,7.34,5.79,0.92,0.07,7.27,6858,4465,537,99.12
1630,10,Minopoli 1,0,3,one,13_14,210609,3.25,2.06,17.55,53.61,7.44,5.48,0.99,0.10,6.86,6500,4906,2184,98.72
1631,10,Minopoli 1,0,3,one,13_13,210609,3.18,2.19,17.21,53.66,7.00,5.62,1.02,0.07,7.31,8240,4854,835,98.65
1632,10,Minopoli 1,0,3,one,13_12,210609,3.01,2.12,17.33,54.24,7.68,5.46,1.04,0.19,6.53,6913,4536,1557,98.91
1633,10,Minopoli 1,0,3,one,13_11,210609,2.99,2.36,17.89,54.86,7.03,5.53,1.04,0.13,7.09,6399,4210,2218,100.19
1634,10,Minopoli 1,0,3,one,13_10,210609,2.79,2.04,17.76,53.82,7.08,5.69,0.99,0.14,6.99,6444,4594,805,98.50
1635,10,Minopoli 1,0,3,one,13_9,210609,2.96,2.31,16.88,53.79,6.93,5.75,1.01,0.18,7.37,6575,4764,1317,98.44
1636,10,Minopoli 1,0,3,one,13_8,210609,3.04,2.34,16.48,52.93,6.50,5.82,1.13,0.18,8.03,7739,5044,1670,97.90
1637,10,Minopoli 1,0,3,one,13_7,210609,2.87,2.38,16.96,53.33,6.97,5.76,1.07,0.14,7.53,7149,5087,977,98.31
1638,10,Minopoli 1,0,3,one,13_6,210609,2.99,2.21,17.54,53.33,6.93,5.61,0.94,0.20,7.03,7443,4563,985,98.07
1639,10,Minopoli 1,0,3,one,13_5,210609,3.10,2.20,17.61,53.97,7.01,5.72,1.01,0.12,7.32,6974,4729,1037,99.33
1640,10,Minopoli 1,0,3,one,13_4,210609,2.78,2.37,17.67,53.46,7.31,5.76,0.90,0.16,6.98,6092,4098,470,98.45
1641,10,Minopoli 1,0,3,one,13_3,210609,2.75,2.24,17.69,54.14,7.19,5.53,0.92,0.18,6.96,6609,4338,519,98.77
1642,10,Minopoli 1,0,3,one,13_2,210609,2.96,2.18,17.65,53.59,7.10,5.70,0.91,0.14,7.44,6695,4442,1482,98.94
1643,10,Minopoli 1,0,3,one,13_1,210609,2.74,2.27,17.12,53.57,7.01,5.81,0.98,0.14,7.48,7465,4557,1436,98.46
1644,10,Minopoli 1,0,3,one,CF13_1,011209,2.80,2.24,17.04,53.66,6.75,5.62,1.15,0.09,7.66,7501,5787,2017,98.54
1645,10,Minopoli 1,0,3,one,CF13_10,011209,2.97,2.30,17.56,53.92,7.53,5.64,0.92,0.13,7.28,6924,4841,1418,99.57
1646,10,Minopoli 1,0,3,one,CF13_11,011209,2.83,2.20,17.75,53.52,7.37,5.74,0.97,0.14,7.08,7270,4632,2076,98.99
1647,10,Minopoli 1,0,3,one,CF13_12,011209,2.55,2.20,17.68,53.82,7.55,5.58,0.95,0.14,6.97,6693,5432,1304,98.78
1648,10,Minopoli 1,0,3,one,CF13_13,011209,2.74,2.24,17.79,52.61,7.13,5.84,1.00,0.13,7.16,6506,5843,2049,98.07
1649,10,Minopoli 1,0,3,one,CF13_14,011209,2.84,2.27,17.13,53.05,7.04,5.76,1.13,0.10,7.95,6992,5779,1610,98.70
1650,10,Minopoli 1,0,3,one,CF13_15,011209,2.92,2.32,17.62,53.06,7.31,5.70,0.97,0.17,7.48,6636,5560,2022,98.96
1651,10,Minopoli 1,0,3,one,CF13_2,011209,2.84,2.17,17.73,53.97,7.56,5.61,1.00,0.04,6.93,6876,5363,1976,99.26
1652,10,Minopoli 1,0,3,one,CF13_3,011209,3.01,2.22,17.71,53.38,7.33,5.74,1.01,0.09,7.21,7014,5232,1397,99.06
1653,10,Minopoli 1,0,3,one,CF13_4,011209,2.73,2.27,17.82,53.04,7.35,5.72,1.04,0.10,7.13,7226,5601,1515,98.63
1654,10,Minopoli 1,0,3,one,CF13_5,011209,3.05,2.31,17.72,53.15,6.94,5.53,1.05,0.10,7.61,7442,5657,2482,99.03
1655,10,Minopoli 1,0,3,one,CF13_6,011209,2.54,2.36,17.72,53.86,7.44,5.94,0.98,0.16,7.07,7229,4867,398,99.32
1656,10,Minopoli 1,0,3,one,CF13_7,011209,3.16,2.10,17.66,54.23,7.12,5.67,0.99,0.13,7.51,7032,5702,1731,100.02
1657,10,Minopoli 1,0,3,one,CF13_8,011209,2.76,2.38,18.24,54.12,7.25,5.69,1.04,0.19,7.18,6717,5260,1588,100.20
1658,10,Minopoli 1,0,3,one,CF13_9,011209,2.92,2.35,18.07,53.30,7.32,5.69,0.85,0.17,7.38,7058,5628,896,99.40
1659,9,3rd on La Pigna 1,0,3,one,cf38-1,250709,3.66,0.74,18.97,57.85,9.47,3.08,0.51,0.10,3.63,,,,98.02
1660,9,3rd on La Pigna 1,0,3,one,cf38-2,250709,3.44,0.69,18.28,58.02,9.31,3.11,0.35,0.07,3.83,,,,97.10
1661,9,3rd on La Pigna 1,0,3,one,cf38-3,250709,3.57,0.84,18.55,57.28,9.03,3.19,0.49,0.16,3.86,,,,96.97
1662,9,3rd on La Pigna 1,0,3,one,cf38-4,250709,3.48,0.74,17.85,55.15,8.96,3.06,0.44,0.16,3.65,,,,93.48
1663,9,3rd on La Pigna 1,0,3,one,cf38-5,250709,3.47,0.71,18.23,56.32,9.14,3.22,0.45,0.13,3.87,,,,95.53
1664,9,3rd on La Pigna 1,0,3,one,cf38-6,250709,3.60,0.88,18.54,57.59,9.04,3.30,0.50,0.22,3.99,,,,97.66
1665,9,3rd on La Pigna 1,0,3,one,cf38-7,250709,3.72,0.83,18.74,57.62,9.05,3.13,0.46,0.13,4.03,,,,97.71
1666,9,3rd on La Pigna 1,0,3,one,cf38-8,250709,3.53,0.79,18.50,57.98,9.12,3.19,0.48,0.14,4.07,,,,97.80
1667,9,3rd on La Pigna 1,0,3,one,cf38-9,250709,3.60,0.70,18.01,57.64,9.24,2.82,0.47,0.14,3.70,,,,96.31
1668,9,3rd on La Pigna 1,0,3,one,cf38-10,250709,3.68,0.77,18.30,57.11,9.19,3.33,0.46,0.16,3.97,,,,96.97
1669,9,3rd on La Pigna 1,0,3,one,cf38-11,250709,3.67,0.81,18.09,57.51,9.01,3.22,0.49,0.20,3.97,,,,96.97
1670,9,3rd on La Pigna 1,0,3,one,cf38-12,250709,3.74,0.61,17.72,57.38,8.87,2.73,0.34,0.16,3.43,,,,94.97
1671,9,3rd on La Pigna 1,0,3,one,cf38-13,250709,3.63,0.78,18.54,57.30,9.29,3.13,0.51,0.13,3.91,,,,97.22
1672,9,3rd on La Pigna 1,0,3,one,cf38-15,250709,3.70,0.79,18.42,58.03,9.31,3.01,0.40,0.07,3.88,,,,97.62
1673,9,3rd on La Pigna 1,0,3,one,cf38-16,250709,3.84,0.83,18.55,57.41,8.99,3.33,0.45,0.13,4.03,,,,97.55
1674,9,3rd on La Pigna 1,0,3,one,cf38-17,250709,4.04,0.73,18.28,57.03,8.68,3.13,0.51,0.14,3.78,,,,96.32
1675,9,3rd on La Pigna 1,0,3,one,cf38-18,250709,3.83,0.76,18.35,56.92,9.03,3.24,0.47,0.18,3.72,,,,96.50
1676,8,2nd on La Pigna 1,0,3,one,cf37-1,250709,3.72,0.62,18.17,57.37,8.83,3.12,0.51,0.21,3.68,,,,96.24
1677,8,2nd on La Pigna 1,0,3,one,cf37-3,250709,3.71,0.71,18.52,58.02,9.33,2.99,0.52,0.15,3.60,,,,97.57
1678,8,2nd on La Pigna 1,0,3,one,cf37-4,250709,3.63,0.70,18.71,57.52,9.34,2.98,0.50,0.15,3.87,,,,97.38
1679,8,2nd on La Pigna 1,0,3,one,cf37-5,250709,3.71,0.75,18.82,57.97,9.26,3.05,0.47,0.17,3.55,,,,97.75
1680,8,2nd on La Pigna 1,0,3,one,cf37-6,250709,3.52,0.73,18.54,57.59,9.02,2.96,0.50,0.13,3.73,,,,96.72
1681,8,2nd on La Pigna 1,0,3,one,cf37-7,250709,3.55,0.80,18.58,57.87,9.14,3.09,0.45,0.02,3.55,,,,97.06
1682,8,2nd on La Pigna 1,0,3,one,cf37-8,250709,3.58,0.76,18.50,57.72,9.17,3.20,0.50,0.03,3.87,,,,97.33
1683,8,2nd on La Pigna 1,0,3,one,cf37-9,250709,3.66,0.83,18.55,57.56,9.28,3.28,0.54,0.15,4.10,,,,97.95
1684,8,2nd on La Pigna 1,0,3,one,cf37-10,250709,3.72,0.72,18.18,57.73,9.17,3.12,0.43,0.11,3.74,,,,96.91
1685,8,2nd on La Pigna 1,0,3,one,cf37-12,250709,3.39,0.77,18.55,57.42,9.04,3.23,0.49,0.22,3.51,,,,96.62
1686,8,2nd on La Pigna 1,0,3,one,cf37-13,250709,3.52,0.77,18.23,55.72,8.80,3.19,0.43,0.17,3.86,,,,94.70
1687,8,2nd on La Pigna 1,0,3,one,cf37-15,250709,3.80,0.70,18.26,57.39,9.21,3.31,0.35,0.16,3.96,,,,97.15
1688,7,1st on La Pigna 1,0,3,one,cf36-11,250709,3.67,0.65,18.66,57.70,9.27,2.82,0.39,0.12,3.66,,,,96.94
1689,7,1st on La Pigna 1,0,3,one,cf36-12,250709,3.71,0.67,18.37,57.31,9.15,2.73,0.41,0.11,3.39,,,,95.84
1690,7,1st on La Pigna 1,0,3,one,cf36-13,250709,3.40,0.82,18.62,57.62,9.12,3.10,0.43,0.09,3.94,,,,97.13
1691,7,1st on La Pigna 1,0,3,one,cf36-14,250709,3.86,0.74,18.72,57.33,9.10,3.14,0.44,0.05,3.80,,,,97.18
1692,7,1st on La Pigna 1,0,3,one,cf36-15,250709,3.82,0.57,17.29,56.69,8.23,2.46,0.43,0.21,3.53,,,,93.24
1693,7,1st on La Pigna 1,0,3,one,cf36-17,250709,3.58,0.82,18.92,56.72,8.96,3.24,0.50,0.15,4.20,,,,97.09
1694,7,1st on La Pigna 1,0,3,one,cf36-18,250709,3.60,0.89,18.84,57.31,9.12,3.24,0.49,0.08,4.03,,,,97.59
1695,7,1st on La Pigna 1,0,3,one,cf36-19,250709,3.65,0.81,18.49,57.18,9.07,3.17,0.41,0.15,4.04,,,,96.97
1696,7,1st on La Pigna 1,0,3,one,cf36-1,250709,3.58,0.82,18.92,56.99,9.21,3.25,0.40,0.16,3.95,,,,97.29
1697,7,1st on La Pigna 1,0,3,one,cf36-2,250709,4.04,0.80,18.34,54.77,7.90,3.23,0.56,0.15,3.74,,,,93.53
1698,7,1st on La Pigna 1,0,3,one,cf36-3,250709,3.61,0.79,18.79,57.35,9.11,3.26,0.48,0.11,3.85,,,,97.34
1699,7,1st on La Pigna 1,0,3,one,cf36-4,250709,3.72,0.71,18.68,57.65,9.29,3.09,0.40,0.12,3.64,,,,97.29
1700,7,1st on La Pigna 1,0,3,one,cf36-5,250709,3.44,0.76,18.60,55.83,8.97,3.23,0.43,0.16,3.82,,,,95.25
1701,7,1st on La Pigna 1,0,3,one,cf36-6,250709,3.64,0.67,17.75,55.37,9.18,2.82,0.44,0.21,3.47,,,,93.57
1702,7,1st on La Pigna 1,0,3,one,cf36-7,250709,3.57,0.72,18.92,57.38,9.12,3.32,0.44,0.15,3.80,,,,97.42
1703,7,1st on La Pigna 1,0,3,one,cf36-8,250709,3.88,0.68,18.17,56.22,8.60,2.71,0.46,0.06,3.33,,,,94.11
1704,7,1st on La Pigna 1,0,3,one,cf36-9,250709,3.68,0.80,18.78,57.78,9.48,3.19,0.51,0.11,3.78,,,,98.10
1705,7,1st on La Pigna 1,0,3,one,cf36-10,250709,3.89,0.70,18.79,57.36,8.87,3.12,0.38,0.07,3.71,,,,96.89
1706,6,La Pigna 1,0,3,one,35_20,180609,3.99,0.60,18.41,57.91,9.58,2.76,0.46,0.15,3.42,1726,6875,910,98.25
1707,6,La Pigna 1,0,3,one,35_18,180609,4.01,0.62,18.40,58.62,9.63,2.87,0.44,0.15,3.72,1827,6688,1249,99.44
1708,6,La Pigna 1,0,3,one,35_17,180609,4.23,0.68,18.27,58.46,9.60,2.98,0.42,0.14,3.61,1373,6507,801,99.25
1709,6,La Pigna 1,0,3,one,35_16,180609,3.69,0.72,18.19,58.36,9.07,3.01,0.47,0.12,3.96,1899,7289,1086,98.60
1710,6,La Pigna 1,0,3,one,35_15,180609,3.66,0.70,18.69,58.14,9.43,2.93,0.46,0.15,3.89,1351,6163,760,98.89
1711,6,La Pigna 1,0,3,one,35_14,180609,3.73,0.58,18.50,58.73,9.63,2.82,0.48,0.10,3.58,1072,6761,544,98.99
1712,6,La Pigna 1,0,3,one,35_13,180609,3.72,0.70,18.43,58.93,9.70,2.82,0.43,0.12,3.52,1495,6686,730,99.26
1713,6,La Pigna 1,0,3,one,35_11,180609,3.82,0.66,18.17,58.10,9.63,2.82,0.45,0.11,3.67,1142,6233,1193,98.29
1714,6,La Pigna 1,0,3,one,35_10,180609,3.70,0.67,18.25,59.34,9.50,2.90,0.51,0.13,3.84,1726,6341,605,99.70
1715,6,La Pigna 1,0,3,one,35_9,180609,3.93,0.69,18.30,58.49,9.68,2.89,0.45,0.15,3.77,1658,6779,778,99.26
1716,6,La Pigna 1,0,3,one,35_8,180609,3.77,0.68,18.42,59.07,9.64,2.82,0.51,0.16,3.59,1411,6472,560,99.51
1717,6,La Pigna 1,0,3,one,35_7,180609,3.89,0.63,18.33,58.91,9.70,2.66,0.48,0.10,3.65,1519,6609,1260,99.29
1718,6,La Pigna 1,0,3,one,35_6,180609,3.76,0.63,17.37,56.19,8.83,2.60,0.38,0.13,3.03,1132,5874,1583,93.78
1719,6,La Pigna 1,0,3,one,35_5,180609,3.71,0.70,18.00,57.33,8.96,2.88,0.46,0.11,3.99,1258,7157,635,97.05
1720,6,La Pigna 1,0,3,one,35_4,180609,3.68,0.62,18.49,58.71,9.40,2.83,0.44,0.09,3.41,1500,6116,882,98.53
1721,6,La Pigna 1,0,3,one,35_3,180609,3.97,0.69,17.73,57.15,8.97,2.90,0.38,0.12,3.55,1908,6860,347,96.38
1722,6,La Pigna 1,0,3,one,35_1,180609,3.77,0.68,17.26,55.57,9.23,2.62,0.41,0.14,3.36,1003,7033,809,93.93
1723,6,La Pigna 1,0,3,one,cf33-11,250709,3.81,0.66,18.28,58.30,8.77,2.86,0.53,0.17,3.52,,,,96.91
1724,6,La Pigna 1,0,3,one,cf33-12,250709,3.68,0.72,18.32,58.32,9.33,2.94,0.51,0.08,3.84,,,,97.73
1725,6,La Pigna 1,0,3,one,cf33-13,250709,3.63,0.75,18.56,57.97,9.09,2.84,0.48,0.10,3.66,,,,97.09
1726,6,La Pigna 1,0,3,one,cf33-14,250709,3.76,0.77,18.17,58.13,9.18,2.88,0.44,0.13,3.72,,,,97.18
1727,6,La Pigna 1,0,3,one,cf33-15,250709,3.58,0.67,18.49,58.63,9.23,2.99,0.43,0.12,3.66,,,,97.80
1728,6,La Pigna 1,0,3,one,cf33-17,250709,3.79,0.72,18.45,58.05,9.09,2.90,0.43,0.09,3.56,,,,97.09
1729,6,La Pigna 1,0,3,one,cf33-18,250709,3.56,0.71,18.62,57.72,9.17,2.73,0.50,0.14,3.69,,,,96.84
1730,6,La Pigna 1,0,3,one,cf33-20,250709,3.79,0.66,18.51,58.07,8.82,2.80,0.48,0.15,3.62,,,,96.89
1731,6,La Pigna 1,0,3,one,cf33-1,250709,3.78,0.62,18.20,57.10,8.78,2.86,0.43,0.12,3.37,,,,95.26
1732,6,La Pigna 1,0,3,one,cf33-2,250709,3.79,0.74,18.38,58.11,9.05,2.86,0.44,0.06,3.70,,,,97.14
1733,6,La Pigna 1,0,3,one,cf33-4,250709,3.70,0.69,18.51,57.72,9.14,2.73,0.43,0.14,3.65,,,,96.71
1734,6,La Pigna 1,0,3,one,cf33-5,250709,3.76,0.62,18.65,59.17,8.87,3.01,0.47,0.12,3.27,,,,97.93
1735,6,La Pigna 1,0,3,one,cf33-6,250709,3.41,0.65,18.82,58.74,9.55,2.73,0.40,0.17,3.60,,,,98.07
1736,6,La Pigna 1,0,3,one,cf33-8,250709,3.69,0.71,18.64,57.51,9.00,2.74,0.43,0.15,3.50,,,,96.38
1737,6,La Pigna 1,0,3,one,cf33-9,250709,3.99,0.72,18.42,58.14,9.09,2.92,0.49,0.09,3.46,,,,97.31
1738,6,La Pigna 1,0,3,one,cf33-10,250709,3.83,0.70,18.55,57.71,9.23,2.83,0.47,0.12,3.51,,,,96.95
1739,6,La Pigna 1,0,3,one,cf34-1,250709,3.86,0.80,18.60,57.37,9.14,3.09,0.44,0.06,3.82,,,,97.19
1740,6,La Pigna 1,0,3,one,cf34-2,250709,3.57,0.72,18.25,56.90,8.86,2.88,0.42,0.15,3.72,,,,95.48
1741,6,La Pigna 1,0,3,one,cf34-3,250709,3.78,0.65,18.12,56.54,9.12,2.90,0.51,0.07,3.45,,,,95.14
1742,6,La Pigna 1,0,3,one,cf34-4,250709,3.61,0.77,18.55,57.89,9.08,2.94,0.43,0.16,3.52,,,,96.94
1743,6,La Pigna 1,0,3,one,cf34-5,250709,3.83,0.69,18.24,57.02,8.88,2.90,0.44,0.13,3.63,,,,95.76
1744,6,La Pigna 1,0,3,one,cf34-6,250709,3.32,0.67,18.40,58.27,9.00,2.92,0.44,0.16,3.60,,,,96.78
1745,6,La Pigna 1,0,3,one,cf34-8,250709,3.58,0.69,18.26,56.18,8.80,2.92,0.44,0.10,3.74,,,,94.70
1746,6,La Pigna 1,0,3,one,cf34-9,250709,4.09,0.74,18.73,57.73,9.36,2.94,0.44,0.13,3.67,,,,97.82
1747,6,La Pigna 1,0,3,one,cf34-10,250709,3.95,0.67,17.73,55.95,8.52,2.67,0.43,0.11,3.53,,,,93.57
1748,6,La Pigna 1,0,3,one,cf34-11,250709,3.97,0.79,18.68,57.50,8.98,2.87,0.47,0.11,3.71,,,,97.08
1749,6,La Pigna 1,0,3,one,cf34-12,250709,4.02,0.67,18.68,57.48,9.18,2.85,0.38,0.10,3.70,,,,97.06
1750,6,La Pigna 1,0,3,one,cf34-13,250709,4.00,0.75,18.53,57.64,8.91,2.99,0.48,0.02,3.77,,,,97.08
1751,6,La Pigna 1,0,3,one,cf34-14,250709,3.53,0.69,17.85,55.24,8.69,2.82,0.37,0.06,3.57,,,,92.84
1752,3,Gauro,0,3,one,cf94b_6,200110,3.08,0.92,18.87,57.81,8.85,3.26,0.43,0.04,4.03,2237,5024,,98.01
1753,3,Gauro,0,3,one,cf94b_10,200110,4.29,0.45,18.60,60.31,8.35,2.17,0.39,0.11,2.89,475,6791,,98.29
1754,3,Gauro,0,3,one,cf94b_13,200110,3.19,1.18,19.04,57.13,8.30,3.82,0.54,0.08,4.70,2718,5436,,98.79
1755,3,Gauro,0,3,one,cf94b_15,200110,3.20,1.16,18.87,57.40,8.48,3.87,0.53,0.12,4.45,2229,4909,,98.79
1756,3,Gauro,0,3,one,cf94b_8,200110,3.29,1.17,18.97,57.57,8.27,3.90,0.54,0.16,4.17,2611,5181,,98.82
1757,3,Gauro,0,3,one,cf94b_3,200110,3.53,1.18,18.75,57.22,8.33,3.90,0.53,0.09,4.56,2629,5264,,98.87
1758,3,Gauro,0,3,one,cf94b_9,200110,3.36,1.05,18.92,57.74,8.73,3.63,0.51,0.14,4.22,2339,4464,,98.98
1759,3,Gauro,0,3,one,cf94b_7,200110,3.29,1.20,18.76,57.33,8.36,3.80,0.61,0.07,4.82,2550,5014,,99.00
1760,3,Gauro,0,3,one,cf94b_14,200110,3.41,1.19,18.87,57.12,8.39,4.01,0.56,0.12,4.65,2589,4850,,99.07
1761,3,Gauro,0,3,one,cf94b_12,200110,4.09,0.50,18.95,60.14,8.80,2.43,0.42,0.19,2.86,938,5898,,99.08
1762,3,Gauro,0,3,one,cf94b_1,200110,3.39,1.30,18.78,57.16,8.50,4.05,0.48,0.18,4.58,2528,5017,,99.16
1763,3,Gauro,0,3,one,cf94b_4,200110,3.25,1.21,19.10,57.10,8.33,4.05,0.55,0.09,4.81,2634,4731,,99.23
1764,3,Gauro,0,3,one,cf94b_2,200110,4.49,0.52,18.85,59.08,8.81,2.87,0.58,0.15,3.31,492,8671,,99.58
1765,3,Gauro,0,3,one,cf94b_11,200110,4.18,0.56,19.26,59.93,8.79,2.73,0.51,0.05,2.99,655,6584,,99.73
1766,3,Gauro,0,3,one,cf94_8,210110,4.06,0.44,17.57,57.78,8.26,2.06,0.46,0.03,2.91,840,6329,,94.28
1767,3,Gauro,0,3,one,cf94_4,210110,3.22,1.06,18.05,55.79,8.29,3.84,0.48,0.12,4.01,2684,5042,,95.63
1768,3,Gauro,0,3,one,cf94_9,210110,4.17,0.66,17.89,57.45,8.45,2.68,0.44,0.22,3.18,1398,5518,,95.83
1769,3,Gauro,0,3,one,cf94_1,210110,3.90,0.61,18.20,58.54,8.89,2.37,0.40,0.14,2.90,1129,5447,,96.61
1770,3,Gauro,0,3,one,cf94_2,210110,3.63,1.12,18.46,55.89,8.39,3.86,0.52,0.10,4.57,2631,4840,,97.30
1771,3,Gauro,0,3,one,cf94_10,210110,3.60,0.96,18.40,57.15,8.77,3.37,0.51,0.09,4.15,2082,5043,,97.70
1772,3,Gauro,0,3,one,cf94_12,210110,3.39,1.17,18.41,56.42,8.40,3.93,0.55,0.09,4.61,2669,5329,,97.77
1773,3,Gauro,0,3,one,cf94_15,210110,3.36,1.10,18.34,56.90,8.45,4.02,0.52,0.05,4.51,2540,5100,,98.00
1774,3,Gauro,0,3,one,cf94_7,210110,3.19,1.26,18.55,56.69,8.41,4.06,0.52,0.13,4.58,2498,4653,,98.10
1775,3,Gauro,0,3,one,cf94_3,210110,3.48,1.24,18.75,56.05,8.53,3.96,0.56,0.20,4.61,2540,5002,,98.13
1776,3,Gauro,0,3,one,cf94_13,210110,3.41,1.25,18.73,57.01,8.39,3.95,0.60,0.17,4.29,2553,4951,,98.56
1777,3,Gauro,0,3,one,cf94_5,210110,3.58,1.05,18.64,57.37,8.75,3.74,0.55,0.15,4.54,2449,5151,,99.13